market,team_id,points_avg,opp_pts_avg,possesion_avg,fg_pct,allow_fg_pct,off_rebs_avg,allow_off_rebs_avg,def_rebs_avg,allow_def_rebs_avg,ft_att_avg,allow_ft_att_avg,ft_pct,turnover_avg,take_away_avg,win_pct,off_rating
Saint Mary's,b18f34af-a7f1-4659-a2e5-fc11a31cd316,73.412,61.059,69.252941,.50438116100766,.40994764397905,7.471,8.235,25.059,19.324,15.559,13.529,.68809073724007,9.324,9.559,.824,106.005265
North Florida,09920a5f-1b25-466c-b5ae-6167214f5ba9,82.903,80.387,78.419354,.48006379585326,.47191011235955,7.000,10.516,23.935,24.613,17.419,17.871,.72592592592592,10.774,10.065,.613,105.717811
Villanova,4383eb6a-7fd8-4ff2-94c5-43c933121e88,77.950,63.575,74.460000,.48331108144192,.40320427236315,7.900,8.800,24.675,20.350,19.150,16.850,.78198433420365,10.625,13.450,.875,104.687080
Indiana,c3f0a8ce-af67-497f-a750-3b859376b20a,82.600,69.914,79.074285,.50196656833824,.44428080510554,10.400,8.743,23.971,18.514,19.686,17.571,.73149492017416,13.086,12.600,.771,104.458737
Belmont,a0a22502-0d84-440c-84af-1fbb070ad54c,82.516,79.226,79.864516,.49388209121245,.44548774126238,7.484,10.677,24.742,22.516,20.065,22.871,.72668810289389,13.839,11.871,.613,103.320139
Duke,faeb1160-5d15-4f26-99fc-c441cf21fc7f,81.111,72.472,78.594444,.46042154566744,.44474153297682,10.222,11.028,22.417,22.528,24.056,15.778,.72286374133949,9.667,11.667,.694,103.202092
Iowa State,0e4258fa-3154-4c16-b693-adecab184c6c,81.771,75.000,79.320000,.50347383047707,.43822222222222,7.600,10.086,25.286,23.000,16.086,16.000,.70159857904085,11.200,11.771,.657,103.090554
Eastern Washington,54df21af-8f65-42fc-bc01-8bf750856d70,79.344,77.781,77.037500,.47508125677139,.48974082073434,7.656,8.375,22.063,23.875,20.719,21.906,.68627450980392,11.063,10.844,.500,102.993671
Virginia,56913910-87f7-4ad7-ae3b-5cd9fb218fd9,70.973,60.054,68.972972,.49108507386653,.42022714981070,7.595,6.838,21.703,19.108,17.027,16.676,.75238095238095,9.108,11.216,.784,102.899686
Oakland,aeaaef0d-5238-414e-ac04-c55a22cba208,86.371,78.457,84.205714,.45837145471180,.43451327433628,10.114,10.286,25.886,23.686,26.086,20.714,.76998904709748,11.314,12.000,.657,102.571932
Michigan State,a41d5a05-4c11-4171-a57e-e7a1ea325a6d,79.800,64.143,77.920000,.48556304138594,.38222222222222,10.943,7.314,28.000,19.429,17.800,19.714,.72873194221508,11.429,9.143,.829,102.412731
Gonzaga,2f4d21f8-6d5f-48a5-abca-52a30583871a,78.686,66.000,76.845714,.48463825569871,.39801230477993,8.829,8.657,27.171,20.543,19.829,16.971,.75792507204610,11.257,10.029,.771,102.394408
Miami (FL),7aec5187-cb1b-45e5-8f7d-406d766cdc73,75.229,67.400,73.594285,.47862796833773,.43077689243027,8.229,8.629,23.514,20.286,22.057,16.686,.74870466321243,10.629,11.029,.771,102.220669
Michigan,bdc2561d-f603-4fab-a262-f1d2af462277,73.886,68.057,72.388571,.46092184368737,.45113168724279,6.829,7.229,22.400,23.029,15.829,15.000,.74007220216606,9.029,11.514,.629,102.068203
Notre Dame,80962f09-8821-48b6-8cf0-0cf0eea56aa8,75.111,70.583,73.761111,.47600391772771,.43175487465181,9.250,9.833,22.861,20.667,18.639,15.528,.74217585692995,9.583,9.417,.667,101.830232
William & Mary,ad24b724-a11c-4dcd-a68c-67c53833ccb7,76.034,71.759,74.696551,.47962962962962,.42784090909090,6.897,8.931,26.379,22.966,20.448,16.931,.72006745362563,10.655,10.138,.621,101.791154
Kansas,fae4855b-1b64-4b40-a632-9ed345e1e952,80.162,67.514,78.789189,.48969072164948,.39840450492726,9.081,9.108,26.027,20.919,22.243,21.486,.71324422843256,12.216,12.270,.865,101.742590
Columbia,ca74bd67-034c-4468-8487-6f983f5eb4f6,74.758,68.758,73.915151,.44972677595628,.44556113902847,8.455,7.576,22.758,22.000,21.000,18.758,.73304473304473,10.061,12.152,.697,101.139717
Butler,bdb7d7a4-45f8-4bf3-ab85-15488c451494,79.939,71.030,79.048484,.46622651091924,.43533794571580,9.152,7.424,23.152,21.758,23.455,20.364,.73126614987080,10.000,12.758,.667,101.127041
Maryland,2778d005-cc14-4e58-9bf2-3fc37bffb62f,75.200,66.800,74.400000,.48284960422163,.40815347721822,7.343,9.229,24.971,20.400,20.000,16.086,.77000000000000,12.257,10.371,.743,101.075268
Milwaukee,5d77800f-1ae6-4b66-8e97-b0dbb8bbc717,77.677,72.774,76.883870,.44719101123595,.45429666119321,7.774,7.806,24.484,24.032,21.968,17.419,.77533039647577,10.677,10.613,.581,101.032139
Stephen F. Austin,5ef64f01-86ae-4553-9834-c79cc0859eaf,79.067,64.367,78.260000,.47977207977207,.44473512099411,9.933,8.367,21.200,20.267,20.067,20.500,.74750830564784,11.733,17.533,.800,101.030751
Richmond,9b66e1e0-aace-4671-9be2-54c8acf5ecfc,76.563,73.844,75.856250,.48160173160173,.45048439181916,7.031,9.969,23.000,25.156,20.344,20.938,.66052227342549,9.969,12.094,.500,100.931037
Ohio,327f09e2-e75f-4014-8ef7-caf9202cd583,78.029,74.941,77.405882,.46858908341915,.43467702768334,6.912,7.765,25.735,23.824,21.382,20.294,.75378266850068,11.735,10.059,.647,100.805531
Utah,0d037a5d-827a-44dd-8b70-57603d671d5d,76.086,69.371,75.577142,.48370408691153,.42127264282396,8.171,8.686,25.057,20.457,20.943,14.171,.72442019099590,11.971,10.229,.743,100.672917
Northern Iowa,2c93a75d-5449-4ec1-9ca2-1e6c812399a4,68.343,64.000,68.011428,.45273631840796,.42452344152498,4.229,8.057,23.171,24.286,17.600,13.743,.75811688311688,9.286,11.343,.629,100.487313
Winthrop,ca441726-0c57-4456-b1e7-fff098484fb5,80.276,76.000,79.924137,.46622833233711,.42512077294685,7.724,10.552,25.345,23.483,23.690,20.483,.75109170305676,12.759,11.345,.690,100.440073
Princeton,fe406882-9f22-495e-9df6-ef357a6803c6,78.357,69.464,78.142857,.46130592503022,.44206008583690,8.571,8.393,24.893,23.536,20.000,18.143,.71785714285714,11.071,12.500,.750,100.274222
Kentucky,2267a1f4-68f6-418b-aaf6-2aa0c4b291f1,79.472,68.083,79.422222,.47836202885062,.39721421709894,11.194,10.500,24.500,19.833,22.583,23.583,.69003690036900,10.694,12.000,.750,100.062954
Davidson,2920c5fa-1e86-4958-a7c4-1e97b8e201d8,78.906,78.313,78.925000,.44212136664966,.46042084168336,8.063,10.094,23.563,26.563,19.813,19.094,.76340694006309,9.719,11.094,.594,99.976243
SMU,3f4515ea-4472-46b9-ac9e-16d7d8f22a38,77.300,63.433,77.386666,.49681528662420,.40000000000000,11.867,8.900,24.667,17.700,19.467,17.100,.70034246575342,12.033,11.467,.833,99.888009
Eastern Kentucky,e48e3dd5-721c-4d96-8ff4-790fe2597bfd,79.867,79.533,79.993333,.48669426374926,.46272054638588,7.367,10.400,21.833,22.667,22.733,24.800,.73460410557184,14.533,14.500,.467,99.841653
Creighton,7d797407-623e-476d-b299-46de4275414d,79.629,72.371,79.771428,.47044690052859,.43151340996168,8.229,8.514,26.000,24.086,22.286,20.000,.70000000000000,11.400,12.314,.571,99.820917
North Carolina,e9ca48b2-00ba-41c0-a02b-6885a2da1ff1,82.775,70.025,82.935000,.48223350253807,.41659681475272,12.775,9.200,25.325,19.200,20.650,18.125,.74697336561743,10.650,12.375,.825,99.807077
Wyoming,a7127c0a-a466-47ae-91ad-9a71ee2c9427,70.333,72.433,70.573333,.43613500992720,.43603286384976,4.533,8.900,22.300,24.400,23.100,22.200,.71428571428571,10.967,10.433,.400,99.659928
Arizona,9b166a3f-e64b-4825-bb6b-92c6f0418263,80.441,68.882,80.800000,.48020304568527,.41287512100677,9.735,7.971,26.971,20.294,25.382,17.824,.72074159907300,12.706,11.088,.735,99.555910
Denver,6f676cba-c1f9-45a4-9016-fb408fd525b1,65.194,65.290,65.709677,.47550034506556,.45436105476673,4.645,7.903,18.774,21.097,17.097,20.710,.76981132075471,12.129,13.806,.516,99.214531
Purdue,12d7f888-675b-459f-9099-a38f771d8a95,77.886,65.171,78.577142,.47012732615083,.39126305792972,9.800,7.171,28.343,20.314,20.657,16.886,.74412171507607,11.971,8.971,.743,99.120064
Evansville,d8217105-e9c2-4267-9538-3aaeea1ae167,74.000,65.515,74.745454,.48846597462514,.40639748295752,6.515,7.303,26.061,21.970,24.667,17.000,.72604422604422,12.333,12.121,.727,99.002676
Oregon,1da70895-f77f-44ef-b216-d63c02e696eb,78.432,69.027,79.254054,.46369485294117,.42729411764705,10.081,9.081,22.757,21.405,23.676,18.378,.71575342465753,10.973,13.946,.811,98.963306
Central Michigan,472c22e0-843d-472c-a871-f1593fb0725d,74.633,74.000,75.546666,.43497757847533,.45034246575342,8.233,9.567,22.500,24.700,17.867,20.533,.73320895522388,8.933,10.667,.467,98.791034
IPFW,22984593-0701-4648-b8a8-f6d695238620,77.813,76.156,78.781250,.45251989389920,.46265560165975,7.969,7.594,24.469,24.156,19.688,18.063,.72063492063492,12.000,10.938,.688,98.770329
Nebraska-Omaha,68d2aa5b-714f-4652-96f3-b71e1752413f,84.800,83.000,85.873333,.47090229578216,.46905537459283,8.500,9.867,22.533,24.633,26.600,23.633,.74937343358395,12.800,15.500,.533,98.750097
Marshall,58d8baa3-7624-4b21-a47f-a23df2bf8859,86.000,84.879,87.163636,.46587265231333,.46712962962962,8.788,10.212,25.091,26.909,20.636,23.515,.69309838472834,12.758,12.970,.515,98.664998
Oklahoma,b2fda957-e15c-4fb2-8a13-6e58496f561e,79.676,71.054,80.827027,.45752808988764,.41166306695464,9.649,10.081,25.784,22.622,19.838,17.730,.72207084468664,12.757,12.297,.784,98.575535
High Point,a311188e-1259-4fda-b0ea-c47cb52694b1,74.931,71.207,76.089655,.46670665866826,.46201743462017,9.241,9.034,20.448,21.207,20.138,17.897,.76027397260273,10.552,13.621,.621,98.477294
Houston,1f99a164-d593-4d81-85d5-0d7889d6f486,77.375,69.250,78.587500,.46573208722741,.42059620596205,11.281,10.313,23.313,20.938,20.688,20.781,.70543806646525,10.125,12.094,.688,98.457133
Tennessee Tech,fe037cba-25d9-42f5-a461-61d7102c17de,76.379,75.931,77.593103,.44720496894409,.44239373601789,7.897,10.931,24.517,23.138,24.414,20.207,.74717514124293,12.310,10.931,.586,98.435694
BYU,c31455b2-8a45-4248-aa8f-ce7eab1c6b02,83.222,73.222,84.577777,.45869565217391,.41950113378684,10.000,7.583,27.028,23.944,22.556,19.528,.69334975369458,11.667,13.000,.694,98.397268
St. Bonaventure,22d90601-19d4-461b-a901-924d12f116ed,77.710,73.032,78.987096,.44468784227820,.43584070796460,9.387,10.290,22.452,22.581,22.065,21.806,.77339181286549,11.258,13.129,.710,98.382749
Toledo,34dd83ac-64f2-4b73-8577-899b2a46f5cc,76.968,71.645,78.245161,.45824175824175,.43756906077348,7.968,7.452,24.548,23.613,20.129,16.839,.74839743589743,11.484,11.903,.516,98.367413
Saint Joseph's (PA),f9e4261e-d11d-46c4-bd33-c7bbc94ef0e8,77.222,70.056,78.538888,.45332094751509,.41659152389540,8.111,8.278,26.028,23.861,22.389,15.417,.71588089330024,9.778,10.972,.778,98.323548
Vanderbilt,72971b77-1d35-40b3-bb63-4c5b29f3d22b,75.939,67.424,77.236363,.45609366684406,.38563698967043,8.242,10.000,27.576,23.879,22.636,21.212,.69477911646586,11.242,9.394,.576,98.320777
Iona,255c2a87-40c0-4989-bbb9-d286aac5d28e,79.636,74.273,81.406060,.45698657384385,.42348218765679,9.303,9.909,24.788,23.758,19.727,21.939,.71121351766513,12.576,13.667,.667,97.826086
UAB,63a8fdcf-b51b-4de3-8a57-2a6e41d362ce,77.813,71.250,79.550000,.47210526315789,.42731505431971,9.625,9.469,24.594,21.813,19.813,18.031,.71451104100946,12.250,12.313,.781,97.815839
Iowa,c10544de-e3bd-4776-ba2e-83df8c017fd1,77.606,69.303,79.412121,.44696595954612,.42058386937159,10.061,10.424,24.545,23.788,20.273,15.303,.71748878923766,9.879,12.545,.667,97.725711
South Dakota State,6ef40534-5fad-4755-84de-7dcbd645d1f0,75.750,69.094,77.562500,.44608648056923,.42573696145124,9.188,7.563,24.563,21.625,22.969,22.156,.74693877551020,11.281,11.313,.750,97.663174
Vermont,18e89867-9201-41ce-ba19-fadddf92fa17,74.722,71.500,76.516666,.48036253776435,.43140096618357,7.528,8.750,24.667,21.611,21.083,21.500,.71146245059288,12.917,11.389,.611,97.654832
Arkansas-Little Rock,0dadedb0-2bd3-45e7-91a3-93af6c4e87f2,70.182,61.303,71.878787,.45161290322580,.39742840444184,7.788,8.182,23.061,22.606,17.424,19.879,.72869565217391,9.485,13.242,.848,97.639124
Connecticut,efba5350-79bc-47aa-a189-db177b95b491,73.083,63.472,74.916666,.45406445406445,.38612887358583,7.944,8.639,25.139,22.083,17.083,19.972,.79349593495934,10.333,11.472,.694,97.552836
George Washington,d52c3640-069c-4554-982e-e6537c8044f1,75.658,68.474,77.768421,.44667274384685,.42773788150807,9.974,8.553,24.789,21.237,22.579,15.816,.75291375291375,11.000,11.605,.737,97.286138
Akron,56fe0ab2-e4f0-47b9-8726-9ce23ebcde20,75.941,69.147,78.070588,.43003913894324,.41810132808657,9.088,9.765,24.324,24.824,18.412,19.353,.68051118210862,10.588,11.353,.735,97.272452
Weber State,4743cb7c-784a-4b95-a380-5471f92f2217,73.844,68.531,75.975000,.47013601419278,.42538860103626,7.781,8.531,27.125,22.969,24.156,16.938,.67399741267787,13.469,10.813,.719,97.194800
Xavier,0d8a328f-20ce-410b-bed1-15fc01308aaf,80.500,70.353,82.876470,.45180136319376,.41492537313432,10.882,8.471,26.441,22.294,25.206,19.853,.73045507584597,12.382,13.735,.824,97.132515
Boise State,c1c54dbf-805c-47fc-a707-c803e94db2a4,76.000,71.900,78.333333,.44721577726218,.45334136062612,7.900,7.233,22.733,23.367,23.500,20.367,.70780141843971,11.467,14.133,.600,97.021277
Chattanooga,4c9fb59b-6cec-4b0d-bb0f-628b391d138c,74.758,68.061,77.193939,.45138511678435,.44462540716612,9.485,8.273,22.818,20.939,23.212,17.242,.73498694516971,12.121,13.212,.818,96.843840
Pittsburgh,24051034-96bb-4f78-a3a6-312f3258780f,74.750,68.031,77.275000,.45700378583017,.43941931881630,10.781,7.938,24.000,20.063,20.844,18.156,.75562218890554,11.156,11.000,.625,96.732449
Wofford,9916713f-b243-452b-93ae-a2c3ccabf68b,70.700,72.100,73.166666,.43882646691635,.48769716088328,7.500,7.233,21.367,22.200,20.500,21.933,.75447154471544,11.567,11.767,.433,96.628702
East Tennessee State,d750d88f-f7b8-4bc3-a5f6-36e7a67ec93e,76.706,75.912,79.417647,.45945945945945,.44164989939637,8.500,9.382,23.735,24.000,20.529,23.324,.70200573065902,12.441,12.471,.647,96.585437
Northwestern,4b7dedc0-7b48-49a4-aad6-8a94a33274d2,72.000,65.969,74.568750,.45000000000000,.40134529147982,8.813,8.531,23.531,22.688,16.500,19.531,.66666666666666,9.844,10.156,.625,96.555192
Hawaii,d4dc55b3-94fe-4d4f-b0bf-c50c5f064392,76.594,66.531,79.331250,.45594713656387,.39822024471635,9.063,8.094,25.469,22.000,25.750,22.563,.68932038834951,12.281,13.906,.813,96.549279
Montana,e3848467-66c0-41e5-8283-02e3586d8601,72.300,68.733,74.886666,.46435100548446,.43514376996805,7.733,7.033,22.867,21.733,20.133,23.633,.69205298013245,12.133,12.600,.600,96.545892
Bucknell,98d2123a-c7b9-4b5f-8a81-43f76d8537dc,78.033,74.233,80.893333,.45712630359212,.43174061433447,8.600,8.867,24.567,22.833,25.233,24.200,.71598414795244,13.267,12.733,.533,96.464479
North Carolina-Wilmington,c54279f9-3028-4663-893a-7d22482f8098,78.290,72.387,81.219354,.45454545454545,.42626865671641,10.065,9.452,24.194,24.032,21.839,29.806,.70457902511078,11.097,13.935,.742,96.393677
Albany,290a5130-836d-45e6-824f-28704d6ba246,75.094,66.594,77.993750,.45566090351366,.42554347826086,10.094,8.188,25.031,19.750,24.281,15.688,.75160875160875,12.250,12.500,.719,96.281753
Hofstra,36ca2008-cd2e-4549-8b3b-c745167e07f3,78.333,74.091,81.381818,.44332493702770,.43927893738140,10.515,9.667,25.394,24.000,23.758,15.333,.69260204081632,11.727,11.424,.697,96.254095
USC,3a000455-de7c-4ca8-880e-abdce7f21da9,80.500,74.618,83.676470,.45952269536733,.41715575620767,9.882,11.029,26.029,23.324,22.059,18.441,.67600000000000,12.000,11.824,.618,96.203867
Rice,bb384635-c3a0-459a-8f13-fcd7177313e5,75.567,81.667,78.566666,.44876325088339,.48871331828442,8.100,9.800,21.800,23.967,23.500,21.667,.74893617021276,12.567,12.900,.333,96.181586
Western Kentucky,881380da-861c-4ab6-a7d2-20699d8ea883,75.938,76.344,79.000000,.46582832148715,.45746306673458,9.938,9.031,25.000,20.750,22.656,18.375,.70344827586206,12.781,10.188,.500,96.123417
Detroit,1b78e7f6-f25c-4921-98e2-9bc565f8dfb4,82.241,83.862,85.600000,.45877144438295,.47161066048667,10.448,8.897,23.448,23.862,25.207,27.724,.69630642954856,13.207,12.586,.483,96.076377
Duquesne,fea46ac5-6dad-43cd-a770-75554dbcc118,79.030,78.970,82.260606,.45933734939759,.41787439613526,8.788,9.970,27.182,24.848,20.273,24.212,.69058295964125,13.788,11.212,.485,96.073086
UTEP,06d15d35-4955-4fdd-83d9-32d24dbd795b,76.813,75.688,79.993750,.46484165324745,.42718446601941,7.531,10.750,25.219,26.000,23.813,22.406,.66404199475065,12.250,13.656,.563,96.023126
Baylor,db6e1cab-3fa3-4a93-a673-8b2a358ff4bf,76.273,69.909,79.466666,.46250000000000,.45000000000000,12.394,7.879,21.848,19.121,22.455,20.818,.72469635627530,12.303,13.273,.636,95.980781
Colorado State,1a470730-f328-4fb1-8bbf-36a069e4d6b2,78.938,78.156,82.275000,.42083548220732,.45157949249093,10.656,7.781,25.875,24.250,25.688,21.156,.71776155717761,11.406,9.969,.500,95.943482
Monmouth,3db7336c-c18a-441b-912e-e2a4408f12ea,79.472,72.333,82.888888,.43495934959349,.39501133786848,8.917,10.528,26.056,25.611,23.611,22.806,.76823529411764,11.944,14.556,.778,95.878016
LSU,70e2bedd-3a0a-479c-ac99-e3f58aa6824b,78.848,77.061,82.345454,.45979899497487,.45274616526472,10.000,9.788,24.697,24.606,25.939,20.455,.66471962616822,11.667,13.394,.576,95.753293
Northeastern,93df9b18-e9fc-42a7-bb45-a736c203b4dc,71.406,71.156,74.725000,.43653072946582,.45969033635878,7.531,8.500,22.656,23.406,21.031,16.344,.72213967310549,11.906,11.313,.531,95.558715
Louisville,b795ddbc-baab-4499-8803-52e8608520ab,74.968,61.129,78.458064,.46886843530048,.39047029702970,12.065,9.065,24.065,20.387,18.968,21.097,.69047619047619,11.290,13.742,.742,95.551352
Utah State,7672ff16-8436-47e6-8546-0fb5494ec7ee,73.034,72.414,76.462068,.44840072420036,.44650328750747,8.897,8.621,23.517,23.310,19.172,19.172,.69784172661870,11.655,11.069,.483,95.517272
Louisiana Tech,8ff733a9-9f93-46de-ba7e-cf6f7e429670,78.935,74.613,82.690322,.45435016111707,.43789473684210,8.968,9.516,25.097,25.290,25.839,20.871,.66916354556803,12.290,13.355,.677,95.459155
Clemson,dcf5c2e7-c227-4c20-af26-715d5f859412,69.645,64.484,72.987096,.43652173913043,.41913043478260,9.065,9.000,22.871,22.097,18.516,15.871,.72299651567944,9.935,11.194,.548,95.421197
Texas Tech,f8c705b7-87d3-411a-9c8b-5124daab0469,72.031,69.875,75.512500,.44754846066134,.42833698030634,8.719,9.438,22.844,21.125,23.156,18.813,.74224021592442,11.438,12.125,.594,95.389836
James Madison,524e3eec-7dde-45c7-b3cc-6308cec73350,74.161,68.484,77.800000,.44245810055865,.39393939393939,9.258,9.032,26.871,23.581,21.355,21.645,.68277945619335,11.516,10.387,.645,95.322994
Stony Brook,23426c0b-1705-4dfb-a0e2-efdbdd8fd6f6,74.871,65.839,78.574193,.46800433839479,.41770011273957,10.935,7.677,24.871,21.097,19.097,15.806,.67229729729729,11.452,12.194,.774,95.286969
California,aacdc78d-b7fa-48f6-9686-2fdb8a95030e,74.853,67.324,78.570588,.45947341249354,.39608433734939,9.618,7.588,26.735,21.765,23.706,21.941,.65632754342431,12.118,9.324,.676,95.268398
Oral Roberts,095417ae-62b0-4109-afc4-d92918599dd4,74.345,77.621,78.041379,.45253731343283,.46210826210826,8.448,9.276,23.069,23.172,21.138,20.000,.75693311582381,11.828,11.034,.414,95.263343
Tulsa,2959bd24-7007-41ae-a3a3-abdf26888cfc,73.625,69.594,77.368750,.44402379664683,.41616272677295,8.406,9.344,23.375,24.531,22.875,19.656,.67622950819672,10.438,13.750,.625,95.161160
Florida State,d3c8a767-b6fc-45d4-a5f2-18406f2993f1,78.000,74.000,81.982352,.46425073457394,.44169611307420,10.118,8.735,23.941,21.794,22.676,21.412,.69520103761348,12.853,13.471,.588,95.142427
Illinois,150148c2-ca8f-414f-8f41-d94a55d4a122,72.118,74.765,75.817647,.43201204214751,.46199701937406,6.206,8.265,22.265,26.971,17.853,15.706,.74629324546952,10.059,12.853,.441,95.119869
Wichita State,f38b58de-3273-4723-a78b-2f918e9aa2d5,72.324,59.176,76.052941,.42748478701825,.38656987295825,9.529,5.912,23.794,22.235,21.676,22.088,.71913161465400,9.382,14.971,.735,95.096294
Stetson,394d1b2b-7a19-4d43-b04a-5f366c24e5bf,77.900,84.333,81.973333,.44607046070460,.48515864892528,7.567,11.100,23.167,27.433,20.767,20.033,.72070626003210,12.167,11.467,.267,95.030904
N.J.I.T.,500d7223-ecff-494b-9539-28427156c783,74.706,74.324,78.629411,.44365841334007,.43928035982008,7.853,9.765,23.735,23.794,19.588,21.088,.73723723723723,12.588,13.265,.559,95.010099
Murray State,77a69fb0-1355-4342-ac09-b4cc7949d95e,69.172,67.690,72.841379,.44875875238701,.46059782608695,8.310,7.000,21.207,21.586,18.483,20.724,.71455223880597,11.276,12.138,.517,94.963074
South Dakota,c946b7ac-5159-4817-93c4-fc9495c6425b,75.933,80.633,80.000000,.46414887794198,.46613088404133,7.400,9.000,22.267,25.200,18.333,23.767,.70727272727272,11.767,13.333,.400,94.916666
Charlotte,8ddbfca9-a931-4908-aa31-9fcd17624b5f,78.303,79.727,82.545454,.44530493707647,.48194583751253,9.667,8.303,23.303,25.455,20.758,18.697,.69781021897810,11.636,13.242,.424,94.860499
Georgetown,8736b67f-5924-400b-bf94-3bd804c36600,73.636,71.818,77.654545,.44133476856835,.41195652173913,8.121,8.879,24.515,22.606,21.333,27.485,.75142045454545,12.818,10.879,.455,94.825567
Arkansas,c70c23c4-ab09-4797-a1af-792c848ab17f,78.156,74.688,82.443750,.44327309236947,.43546637744034,9.375,9.563,23.719,24.531,23.375,24.688,.69385026737967,10.844,13.875,.500,94.799484
Virginia Commonwealth,c1c1e6df-a383-4fbd-ba7b-32d4f9ef9518,77.250,67.778,81.511111,.45129579982126,.44062657908034,10.667,8.083,23.583,23.139,20.028,20.222,.69209431345353,11.333,14.722,.694,94.772355
Texas A&M,ef184799-d79b-49d9-a662-991eaf4044cd,76.432,66.432,80.713513,.44882246376811,.40698772426817,11.189,9.000,24.919,21.892,22.730,18.514,.67181926278240,11.946,13.865,.757,94.695955
Yale,ca478771-aa3d-4231-81e0-b70f519134fb,74.276,64.172,78.468965,.46588813767670,.41102756892230,11.690,6.966,25.310,18.862,23.414,18.310,.67157584683357,13.000,11.552,.759,94.656354
New Mexico,1b1977ec-b32f-4ce3-95a4-d07bab4816cd,76.000,73.375,80.350000,.46520763187429,.42053152683689,8.313,9.719,25.063,21.063,24.469,22.219,.73818646232439,14.875,12.000,.531,94.586185
Virginia Tech,324ccccc-575b-4b82-acb0-fbb8e68da13b,74.971,72.571,79.302857,.44854070660522,.43142857142857,8.857,10.000,23.286,22.829,27.543,20.086,.69709543568464,12.486,12.314,.571,94.538117
Canisius,0113eea0-c943-4fff-9780-ae0fb099e7ef,76.545,78.394,80.987878,.41956305858987,.47624132407901,9.848,9.152,20.545,24.606,22.545,22.121,.74059139784946,10.939,13.455,.424,94.514705
Norfolk State,a8f75c12-c4db-401f-99e3-b48209d85274,73.281,74.094,77.581250,.42280022136137,.43022614451185,9.219,9.813,21.469,22.031,23.406,23.750,.78104138851802,11.750,12.625,.469,94.457423
Marquette,06f7c904-0ac7-4125-b0f4-f4871bb69057,76.273,74.182,80.836363,.46822033898305,.42739990352146,8.273,10.303,25.030,23.121,23.152,17.576,.72643979057591,14.364,13.697,.606,94.354476
Wright State,9c396fa7-c165-4599-8542-158bd0d9a199,68.636,66.697,72.757575,.44456762749445,.42822966507177,5.152,7.333,23.182,25.515,18.030,24.485,.69075630252100,10.879,13.788,.606,94.335693
Fairfield,a381465b-4530-4a00-a50c-5253cd7695a0,76.424,77.121,81.030303,.43947764942240,.43532818532818,7.576,11.182,24.061,25.758,19.697,21.394,.73692307692307,12.818,13.455,.576,94.315631
Mississippi State,a1ba4b89-d97c-44e2-835f-79ad3ccaa5ae,74.935,72.774,79.503225,.45649838882921,.43059335873707,9.129,10.161,23.097,23.226,17.710,21.484,.72495446265938,12.355,12.419,.452,94.254645
Campbell,6e5dfe2c-28cc-411f-b846-af8436093ab2,71.222,75.630,75.674074,.43239625167336,.47475409836065,6.667,8.815,22.111,25.852,22.889,22.222,.71844660194174,11.185,12.963,.333,94.117071
Colgate,80a19b57-d6ab-4bee-934f-33a72c2e958a,69.069,71.621,73.420689,.44652908067542,.46293888166449,7.379,8.483,20.897,23.655,16.483,22.207,.67782426778242,11.690,12.793,.414,94.072891
Boston University,de9a0e19-b83c-4b98-a6da-81c110cb364b,72.636,73.061,77.248484,.45111960677225,.43820224719101,7.394,8.970,24.242,23.091,20.545,20.091,.71533923303834,13.545,11.606,.545,94.029499
Green Bay,61a3e5ab-1be3-4694-b83f-edae0953f409,82.676,80.853,87.947058,.44253393665158,.45343940102948,10.941,9.941,23.853,26.294,27.441,22.471,.65594855305466,11.971,16.265,.618,94.007090
Florida Gulf Coast,5326c079-3dc3-468f-a601-b776dd9c1e62,75.968,72.935,80.832258,.47226709746903,.42046659597030,9.613,8.968,26.226,22.839,22.323,21.484,.64161849710982,12.000,11.032,.548,93.981960
Georgia Tech,0f63a6f5-bda7-4fd9-9271-8d33f555ca19,73.250,70.694,78.011111,.44909344490934,.44165085388994,11.583,7.889,24.639,20.306,18.917,18.528,.72246696035242,10.694,9.611,.583,93.896880
Grand Canyon,f7e6acc3-0778-4de5-940a-d88e20df1159,74.938,67.906,79.825000,.44491978609625,.42472527472527,9.875,8.531,24.594,22.875,24.250,19.969,.69201030927835,11.688,12.938,.781,93.877231
Lehigh,508f503f-dc57-4f4c-a01e-4f195e5c05c8,70.452,69.677,75.148387,.45401629802095,.43977272727272,7.935,8.516,22.581,21.290,17.548,16.323,.72610294117647,12.710,12.129,.516,93.749998
Dayton,632616c5-2dbb-4017-a449-c9dfc303f026,72.515,65.939,77.381818,.45533769063180,.40435706695005,8.424,7.697,26.909,23.394,22.697,18.727,.66755674232309,12.667,12.091,.758,93.710839
Siena,aba39ad0-6d9f-4946-bf7e-5c63bf966ce6,78.206,73.294,83.523529,.46636546184738,.41695247427731,11.353,9.353,24.794,19.206,23.882,23.059,.72167487684729,15.382,12.294,.618,93.633354
Fairleigh Dickinson,b71d5a1b-2671-4e5a-b94b-06bfb22a27dd,76.469,79.063,81.675000,.45179487179487,.45998911268372,8.781,11.125,20.656,25.250,20.281,26.906,.69645608628659,12.625,14.844,.531,93.625650
Texas,6ed15092-2670-450a-99c2-61d861e87644,71.364,68.273,76.248484,.43205944798301,.42028199566160,9.788,9.485,22.182,22.970,22.515,21.424,.66621803499327,10.152,11.970,.606,93.593514
Eastern Michigan,2ed86226-3fff-4083-90fa-6b02307e6f73,75.897,77.276,81.103448,.43772032902467,.43292325717633,9.897,11.862,21.759,23.724,25.517,25.241,.72972972972972,12.207,14.862,.483,93.579931
Nebraska,f8b1bf00-5b73-4ac4-98c0-ec554027ae32,72.235,68.971,77.194117,.44686234817813,.43828853538123,9.500,7.882,23.000,22.353,18.941,21.265,.72981366459627,11.500,12.647,.471,93.576164
Incarnate Word,912671c7-19fd-451b-813e-885485427820,71.240,74.240,76.152000,.42500000000000,.46713780918727,6.080,8.680,22.040,25.600,19.880,21.560,.77062374245472,12.200,12.440,.560,93.549742
Northern Colorado,7e42fa84-68cd-47a6-b49a-18b5414d8084,72.966,81.172,78.013793,.44883866917765,.48178391959798,7.724,7.483,22.379,23.000,23.828,26.552,.72503617945007,13.552,11.897,.276,93.528995
South Carolina State,a44f8c85-7ab6-4a4e-b6f1-c69a4cabe1ed,71.438,73.188,76.393750,.44801306477953,.44205298013245,8.281,9.188,21.875,22.188,19.969,21.938,.71205007824726,11.000,11.656,.531,93.512231
Furman,ca5318f2-48eb-4f6b-896a-966b900aa42f,69.515,68.152,74.345454,.44753623188405,.44551645856980,8.939,8.091,22.333,20.727,22.606,20.303,.69571045576407,13.030,12.333,.515,93.502893
Florida International,a8ac24ca-3b7a-4610-ad99-042661584c48,71.300,71.733,76.333333,.46802151823072,.41760089686098,8.933,9.633,25.167,21.933,19.833,21.200,.67226890756302,12.633,9.400,.367,93.406113
Middle Tennessee,3d2f0819-8f3b-4ff3-afd6-6227c469a751,72.182,68.818,77.339393,.44717573221757,.43480693900391,9.121,7.758,24.788,24.333,20.242,22.939,.60628742514970,11.303,13.091,.697,93.331244
Ball State,315c4deb-3c9d-413d-a369-7168f2545d21,70.265,67.176,75.311764,.44307196562835,.40634920634920,8.412,8.324,25.559,23.265,19.088,21.441,.68567026194144,12.912,10.676,.588,93.298445
Tennessee-Martin,9febd5fa-982f-4f40-ad1d-8e49be96cf4f,71.182,72.030,76.296969,.43780290791599,.43336776859504,9.030,9.515,24.091,23.091,20.061,17.576,.71450151057401,12.000,11.394,.545,93.295734
Elon,8accb91e-6086-41b3-a420-7a82fa442365,74.633,75.967,80.020000,.44137168141592,.44846195358877,8.433,9.600,24.933,25.633,18.300,20.633,.66666666666666,12.433,11.133,.467,93.268349
Valparaiso,df3da9d7-2d2b-44e2-99e2-08c4945a203b,74.714,64.029,80.120000,.43765162542455,.39028132992327,10.886,7.114,26.571,21.400,20.657,21.629,.72475795297372,12.971,12.600,.800,93.252976
Montana State,bec40585-b587-4548-93f5-b7c00b046aea,75.967,77.533,81.466666,.43003229278794,.47305389221556,11.000,7.867,23.500,24.267,19.000,25.767,.68947368421052,11.933,11.633,.433,93.248772
Southern Illinois,7cdfcf92-7fe7-46f1-9b66-6912114182e6,73.750,69.656,79.100000,.45320197044334,.45287492590397,9.406,6.875,22.688,21.969,22.438,23.688,.68523676880222,13.031,14.594,.688,93.236409
Portland State,79965018-7f6f-4273-9eef-65c99b592b01,75.966,78.172,81.489655,.47025495750708,.47287264420331,8.517,9.345,23.172,24.690,20.621,19.828,.65886287625418,12.379,13.690,.379,93.221056
UMBC,32755362-6336-4dd3-ac34-6f72a6cc150b,72.094,80.594,77.362500,.44071588366890,.49643053267435,6.813,8.438,21.094,24.969,23.563,22.094,.68302387267904,12.063,13.375,.219,93.189529
North Carolina State,52df1e19-b142-4a76-a439-ad68455d0581,75.212,74.424,80.721212,.43321660830415,.43799603174603,11.879,9.848,24.242,22.424,23.545,18.121,.69884169884169,10.727,10.152,.485,93.175163
Cincinnati,a17dfc54-415f-49c3-a2e6-d6fa9db18b0a,73.273,63.333,78.672727,.42979797979797,.39328788673308,12.000,9.545,24.152,21.455,19.939,15.606,.70516717325227,10.697,12.818,.667,93.136122
Portland,224e3b21-30e7-4a05-9e8c-62721d581db8,76.935,79.710,82.612903,.42827763496143,.45459459459459,9.258,10.129,21.935,24.742,19.677,24.677,.72786885245901,12.000,13.129,.355,93.127683
Lipscomb,a2b8223d-40b3-4076-b5df-55655c2f8591,77.774,82.806,83.522580,.43512658227848,.45314109165808,8.581,9.774,24.742,26.065,21.226,22.419,.69756838905775,13.871,12.935,.323,93.117565
UCLA,ec0d6b67-4b16-4b50-92b2-1a651dae6b0f,77.500,76.719,83.231250,.45386904761904,.42957042957042,10.875,10.344,25.625,24.125,20.344,21.188,.69124423963133,12.094,11.281,.469,93.114064
Fresno State,dd8db4d8-d984-4cab-b7f6-22c6b8c2c45f,74.455,71.424,79.993939,.43208020050125,.42337375964718,9.697,9.000,23.788,24.939,22.788,25.485,.69813829787234,10.424,14.606,.697,93.075232
Oregon State,532d3874-b4b3-4c5c-acc6-749a6db26c8f,71.839,70.710,77.187096,.43872411863458,.43177892918825,8.677,9.742,22.194,23.871,21.194,22.000,.68036529680365,11.065,13.194,.581,93.070879
Rhode Island,7e42bca2-3cd7-4aca-aa46-f190fe5d8eb4,69.375,64.750,74.556250,.44381384790011,.42643540669856,8.938,6.594,22.531,22.188,20.688,20.688,.66918429003021,11.219,12.125,.531,93.050549
Texas Southern,eb157f98-0697-459c-9293-ddb162ceb28b,72.818,70.515,78.321212,.45738942826321,.43781344032096,10.788,8.455,23.424,21.182,23.303,14.848,.63068920676202,12.818,10.515,.545,92.973766
Pepperdine,17479d6f-c8f1-458b-9412-8c76279a2bb4,72.839,72.194,78.348387,.44648829431438,.44144630329195,9.484,9.355,24.161,23.097,23.774,18.774,.67842605156037,10.968,10.806,.548,92.967719
Austin Peay,a0fdb660-a822-4337-b01d-31c4d2c99c8a,74.853,77.912,80.523529,.45785036880927,.46663395485770,9.971,9.529,23.265,23.059,26.235,18.765,.67040358744394,14.206,13.059,.471,92.957849
Tennessee State,87721c44-53a2-47aa-9b3a-0f1c99b0f328,73.241,69.759,78.868965,.45387904703726,.41841269841269,9.897,8.517,23.966,22.724,23.379,23.207,.69911504424778,13.069,14.379,.621,92.864638
San Francisco,d24efd99-8717-43b9-a086-9986a684ac04,76.862,79.103,82.779310,.43650793650793,.44175576814856,10.414,9.655,24.517,23.897,23.759,21.966,.67634252539912,12.448,11.000,.483,92.851786
UC Irvine,39d00ef7-320d-47cf-a2fa-859bc24d16b4,70.889,66.333,76.361111,.45432098765432,.38465227817745,8.556,9.222,25.972,22.694,19.722,20.111,.68169014084507,12.222,11.639,.722,92.833756
North Dakota State,984e7518-e418-45d5-9797-979b8c2085c1,67.645,65.581,72.890322,.43878148799062,.42608695652173,7.871,7.613,24.323,23.903,18.677,17.710,.68221070811744,10.355,10.806,.581,92.804036
Texas A&M-CC,fe21a988-3e96-4f3c-8f9f-b449ccda43b0,72.774,70.516,78.425806,.43561030235162,.42442205097806,9.548,9.935,21.968,23.226,21.710,24.194,.74145616641901,12.129,15.129,.742,92.793681
Louisiana-Lafayette,63cad858-8654-4956-8438-8fe79cd1208a,77.875,73.313,83.931250,.43527013251783,.44184811471056,12.563,8.063,25.063,21.750,25.844,20.906,.69770253929866,12.281,11.594,.531,92.784272
Idaho State,6a67ba19-56a8-4dd8-a5ae-9e9f2523c274,72.724,75.862,78.400000,.43290831815421,.44979686593151,7.172,9.103,24.690,25.759,21.862,21.034,.72870662460567,12.862,12.345,.483,92.760378
Louisiana-Monroe,18585f21-1d63-4400-974c-433fd5073c34,71.313,70.031,76.937500,.44907908992416,.41331923890063,9.031,10.344,23.406,22.156,18.594,19.500,.69747899159663,11.813,11.313,.563,92.688870
Massachusetts Lowell,4927ef8b-e680-4fb8-b10e-2ea3eff32eab,75.607,83.036,81.635714,.46535867565910,.47976539589442,7.500,10.107,22.250,24.714,19.357,23.393,.67896678966789,15.643,14.143,.357,92.615276
North Dakota,de8fc8a7-253f-4597-8a48-a0104ef226ae,73.900,72.667,79.800000,.45118428653957,.44457341845618,7.400,8.000,25.900,26.033,22.667,22.167,.68235294117647,13.033,13.933,.467,92.606516
UNC Greensboro,612f7f66-1de1-4d42-b842-9a508daab911,71.548,74.323,77.316129,.43842364532019,.44297235023041,8.548,7.903,22.903,24.323,16.516,21.548,.67187500000000,11.774,11.903,.387,92.540053
Long Beach State,11a617d5-af03-4cce-bc8a-51114d9e41fe,73.788,74.273,79.739393,.42746913580246,.44807590933052,9.061,8.970,22.848,25.182,22.152,22.273,.68809849521203,11.970,13.697,.545,92.536292
West Virginia,f770d3a2-221c-49ce-9c7a-680f7417fe9e,78.543,66.714,84.880000,.44862036156041,.42381786339754,14.629,7.629,22.457,20.800,27.771,27.086,.67283950617283,13.714,17.571,.743,92.533997
Hartford,dba620d9-7282-4638-bf05-13caf48eeed1,70.844,79.438,76.575000,.40857297883884,.47423764458464,5.813,11.688,21.063,28.031,19.094,24.438,.74795417348608,11.344,13.000,.281,92.515507
Marist,15d31915-fbd6-4ae3-8e4b-f3b563c56a18,71.500,78.667,77.333333,.42206654991243,.46903153153153,7.633,9.833,22.100,25.800,20.500,21.667,.73333333333333,12.033,11.667,.233,92.456896
Samford,c13f96ba-c79c-452f-9f63-3b45fae4e543,72.323,73.774,78.225806,.45140515222482,.44769140853302,8.419,9.387,21.355,22.129,24.194,24.097,.71600000000000,13.452,14.000,.387,92.453607
Northwestern State,71874e7e-8260-43f9-bb7c-65f267dbe8ce,76.833,86.917,83.108333,.44252077562326,.49122807017543,8.333,12.000,20.250,24.750,21.208,23.125,.77406679764243,14.458,13.833,.208,92.449613
Syracuse,8cd24de1-2be8-4b77-bcfa-47be0495a5f4,69.973,65.108,75.713513,.42459173871277,.41212406015037,10.378,10.973,21.946,22.243,19.892,16.081,.68750000000000,11.486,12.919,.622,92.418076
Houston Baptist,95a27dc5-16d5-4745-9adb-34c41e1444e8,72.733,77.867,78.773333,.45070422535211,.44920373421197,8.500,10.267,23.533,22.167,24.433,22.300,.72987721691678,14.567,11.800,.433,92.332430
Jacksonville,fb28bd56-9e56-40c1-992d-71c1e27fe4fd,74.821,78.071,81.100000,.42857142857142,.46149289099526,8.786,7.714,24.893,26.679,19.536,20.179,.66544789762340,11.036,12.321,.429,92.258234
Providence,7d3b9c72-cbdd-4b64-9aa3-a5bde9b75fdc,73.629,70.143,79.840000,.42092689918776,.43976777939042,9.714,8.629,23.029,24.543,22.314,16.514,.72471190781049,11.114,14.086,.686,92.220154
Sam Houston State,67322042-9c40-4dc2-b33a-4754c02ec82a,72.200,71.767,78.300000,.42620137299771,.44899244332493,9.267,7.133,23.567,25.133,21.333,23.700,.69218750000000,11.500,12.867,.500,92.209450
Buffalo,a9f5c9a2-342c-4881-9996-5d5c05ec9bd9,76.471,76.029,82.952941,.43295398317664,.43655071043606,10.382,8.853,24.824,24.000,24.735,22.676,.70986920332936,13.618,12.676,.559,92.185505
UNC Asheville,ad9fce12-6b1a-400c-bcbe-29d84d065fc0,73.906,69.563,80.206250,.44782608695652,.44006568144499,9.313,8.188,23.469,22.719,24.031,18.813,.70091027308192,13.094,15.563,.625,92.145250
Wisconsin,c7569eae-5b93-4197-b204-6f3a62146b25,67.800,63.800,73.605714,.42544316996871,.42642320085929,9.571,7.800,22.257,21.800,20.800,17.886,.70329670329670,10.486,11.686,.629,92.112413
Ole Miss,d7d668ec-edaa-4d6b-be25-2ebba4128643,75.156,72.063,81.606250,.41566579634464,.42825728422210,11.281,9.656,23.313,23.156,24.719,23.125,.70922882427307,11.875,13.875,.625,92.096193
Abilene Christian,a52b2ece-1f87-45b5-ae1e-8d0920479965,69.852,76.259,75.881481,.44162087912087,.49344375431331,6.926,7.185,21.519,23.444,21.741,24.963,.70698466780238,13.259,13.370,.333,92.053884
Tennessee,b827dbdf-230f-4916-9703-3bb9004e26eb,75.118,75.176,81.629411,.42060491493383,.42575684766938,10.941,11.147,23.882,24.882,21.206,22.824,.72538141470180,10.912,12.118,.441,92.022772
Washington,e52c9644-717a-46f4-bf16-aeca000b3b44,83.912,80.824,91.258823,.42579505300353,.43034482758620,12.206,12.382,24.265,25.824,27.412,28.500,.72532188841201,13.706,16.059,.559,91.949206
Brown,558abf02-97f4-4323-aa99-63c076d35932,73.000,78.222,79.459259,.43168697883258,.44278010784901,8.111,10.741,24.963,25.481,21.333,22.481,.70659722222222,13.185,11.148,.259,91.870980
Kent State,3da4798c-2d58-4dac-b66e-ad145a91b544,72.806,72.871,79.290322,.44062153163152,.44689265536723,11.452,7.871,22.968,21.871,23.226,20.000,.68055555555555,11.871,11.419,.581,91.822619
Youngstown State,da7d41bc-48b0-4a04-948f-792d6470bcb5,75.633,85.633,82.413333,.42534174553101,.47373737373737,7.133,11.267,22.900,28.533,18.867,21.433,.71378091872791,11.467,11.667,.300,91.773175
Mercer,a14b0057-8eb5-43d2-a33b-666196da933e,70.875,69.438,77.268750,.44329334787350,.40797378481703,10.969,8.500,24.688,20.250,18.563,18.813,.74074074074074,12.531,10.500,.531,91.725309
Fordham,7888d144-563d-4f84-b99b-d120aecf1fef,71.000,69.033,77.406666,.44529863985807,.44853875476493,9.033,7.267,22.900,22.400,18.933,21.267,.68309859154929,13.467,15.267,.533,91.723366
Old Dominion,ce967953-5c50-4220-87b2-99acb9606e84,68.526,61.553,74.800000,.44319712617871,.39711011459890,11.421,7.816,24.395,21.237,18.184,18.895,.68162083936324,8.921,10.684,.658,91.612720
Florida,912f8837-1d81-4ef9-a576-a21f271d4c64,74.361,68.861,81.211111,.42582417582417,.41156946420104,11.444,9.167,25.250,24.444,24.000,20.889,.64699074074074,10.944,12.667,.583,91.565193
Cal Poly,45439cdb-af7a-4743-936c-dccc76b30877,71.964,76.357,78.621428,.41334127456819,.46855345911949,9.821,8.143,22.321,25.214,21.107,22.857,.68189509306260,10.214,10.571,.286,91.532660
UNLV,68a3227f-677f-43b0-9a3a-cad79d0df9e2,76.806,74.484,83.961290,.43431635388739,.41776837652035,9.387,9.452,25.387,25.645,24.581,24.452,.69028871391076,13.968,14.065,.516,91.478407
Lafayette,6af02334-9ac3-452f-bcf4-20abdb72bd07,71.400,80.400,78.113333,.43538196438828,.46383904295812,6.633,10.367,21.700,26.267,18.367,21.500,.69147005444646,12.733,11.600,.200,91.405650
Colorado,9fccbf28-2858-4263-821c-fdefb3c7efa3,75.182,70.788,82.260606,.42201834862385,.41729893778452,11.212,7.848,26.879,22.394,24.061,21.364,.73299748110831,13.182,10.576,.636,91.394680
Liberty,559db90c-741f-40d1-aa81-3fdd1d4889f3,63.103,69.793,69.089655,.44346049046321,.46361185983827,5.000,8.276,20.138,22.517,12.897,22.310,.72727272727272,13.310,11.414,.345,91.335595
Drake,aed211c3-23a4-4188-ad70-22c6eba7d765,66.533,72.600,72.873333,.44073139974779,.45804597701149,6.433,8.133,23.400,22.633,17.767,17.700,.72983114446529,12.900,9.467,.200,91.299972
Georgia Southern,6b955b96-b736-475e-bffd-e4acf2054169,73.552,76.069,80.600000,.40205596801827,.44884287454323,9.138,10.552,21.483,25.793,22.793,25.207,.70953101361573,11.103,13.759,.414,91.255240
Massachusetts,88104678-e53b-43b3-82f7-efb3a11cedb9,73.531,75.844,80.581250,.42932212296374,.42686721991701,7.906,9.844,24.813,26.000,21.688,24.250,.69884726224783,12.438,12.188,.438,91.251066
Manhattan,7a270923-01d6-4a6f-a93e-e8786266d502,68.806,73.161,75.419354,.43065693430656,.46804625684723,6.645,9.129,20.032,24.194,21.129,24.806,.74045801526717,13.935,15.548,.419,91.231822
Sacramento State,1dc13b18-f9b3-4bb9-b1cf-979fcd8c2b6f,70.207,73.517,76.958620,.43585131894484,.44103773584905,8.103,9.759,23.586,25.310,20.069,22.138,.67010309278350,11.414,12.069,.414,91.226812
Southern University,a3b13d27-ec14-4a7d-88a2-0bc9f7b58984,70.719,69.031,77.600000,.43445287107258,.42049861495844,8.281,9.563,23.031,24.063,21.969,22.500,.67425320056899,11.125,13.375,.594,91.132409
Eastern Illinois,23fec4e7-108f-4569-85d1-bef2f794e925,70.214,75.036,77.092857,.43275217932752,.45284197376639,8.929,10.964,21.607,25.321,19.786,23.179,.65703971119133,11.821,13.143,.393,91.077549
Western Michigan,f2164f01-2cbc-4967-bb1c-93656d790921,71.867,74.000,79.026666,.42438452520515,.44640753828032,9.467,7.367,23.933,23.767,24.900,21.800,.71352074966532,12.200,11.667,.367,90.939767
UC Santa Barbara,3b6293f3-03db-46d2-8793-248963c2d83b,70.250,67.906,77.268750,.43833422317138,.40528386734120,8.531,8.469,25.094,23.469,16.063,23.250,.70817120622568,12.313,11.750,.563,90.916444
Citadel,412e7f0d-fb93-4e6e-be1f-9a4c7490d121,83.138,94.345,91.524137,.40687250996015,.51921024546424,9.517,11.069,20.966,30.345,21.483,28.621,.73194221508828,13.690,15.448,.241,90.837164
Cal State Bakersfield,2da57857-b038-4ad3-8199-e3fb339f57d2,71.633,63.900,78.860000,.44655172413793,.39653035935563,10.800,8.900,24.200,21.633,22.067,22.633,.65407854984894,12.033,14.367,.700,90.836080
Texas-Arlington,7c2b372b-b5f0-466e-90cf-880beec57584,78.353,69.912,86.270588,.42325367647058,.39948453608247,12.735,8.471,26.971,23.529,22.000,24.706,.70187165775401,13.471,14.588,.676,90.822310
Arizona State,ad4bc983-8d2e-4e6f-a8f9-80840a786c64,73.281,73.969,80.700000,.41479937467430,.45805739514348,10.219,8.156,23.313,24.531,22.688,21.563,.68732782369146,11.656,12.688,.469,90.807001
South Carolina,1c7ec608-3b36-4cee-adac-9265e3792597,75.909,69.727,83.612121,.43247344461305,.40031562335612,11.970,9.242,24.515,21.606,25.848,22.000,.68815943728018,13.364,14.303,.727,90.787183
Army,6dfaf0ba-47c4-4e05-b0a7-72734747d48f,76.438,75.625,84.237500,.42538423401090,.44604674291397,10.750,9.000,26.500,25.406,19.969,20.094,.69327073552425,13.219,11.781,.563,90.740465
Seton Hall,aef5e386-d8e8-460c-8014-3a2f090fd988,74.176,67.794,81.770588,.44622311155577,.40157868771583,11.441,9.882,25.676,22.500,23.765,20.147,.65841584158415,13.471,13.471,.735,90.712897
Stanford,683ab61f-546f-44da-b085-c3a5740554aa,69.138,71.483,76.255172,.42336683417085,.44905660377358,9.414,8.966,21.276,23.103,24.862,21.897,.68377253814147,11.414,12.517,.483,90.666546
Georgia,4f4b0771-994c-4126-822d-7525aaa00f65,70.618,69.676,77.888235,.42252776308831,.38967611336032,9.529,9.676,25.471,22.618,24.206,23.912,.70838396111786,12.588,10.471,.588,90.665357
Longwood,600aad0e-85e7-4db8-be0b-94ba02a08e55,71.633,77.900,79.060000,.44716870986573,.45790080738177,8.633,8.267,23.333,22.333,19.567,21.067,.70357751277683,14.133,11.800,.233,90.606290
Washington State,2d4f0015-adb4-4877-8c15-4a6eed7eed03,70.433,77.900,77.740000,.45385514018691,.44239130434782,6.667,8.867,23.767,23.833,17.767,22.900,.71294559099437,13.567,10.433,.267,90.601148
Ohio State,857462b3-0ab6-4d26-9669-10ca354e382b,70.343,68.029,77.720000,.43909774436090,.40394800192585,9.486,9.200,25.743,23.600,20.514,18.057,.68384401114206,12.514,11.257,.600,90.508050
Southern Utah,c7116621-45ed-4ab1-9ad9-dee524120569,69.107,82.250,76.378571,.43030690537084,.50897435897435,6.607,8.393,20.286,25.607,19.786,25.071,.70938628158844,12.607,11.929,.143,90.479752
New Mexico State,5016fe1a-9571-4d10-bf5b-b9c1b496bd57,70.563,63.438,78.000000,.45641310383120,.39476495726495,11.344,8.313,27.313,20.719,20.781,16.625,.67518796992481,13.406,10.656,.656,90.464743
Oklahoma State,8ab00d43-840a-4c96-bdee-bf88fa6e3f11,66.500,67.125,73.518750,.42305441778818,.40983606557377,8.375,10.313,23.813,22.938,20.438,22.594,.72935779816513,11.938,11.125,.375,90.453115
Utah Valley,4200f37c-86e0-413e-a5c4-e5edf1e272e7,74.037,80.037,81.925925,.41478313989004,.45131195335276,7.630,10.481,25.333,28.519,20.926,23.926,.72566371681415,12.926,12.111,.333,90.370706
LIU Brooklyn,82c12e8d-7c6c-47d8-b100-3cbc190d268e,76.194,76.968,84.354838,.43129973474801,.45096982758620,11.129,10.258,23.839,24.065,25.161,22.774,.71410256410256,13.484,13.968,.516,90.325048
St. Francis (PA),6637ac5f-59c2-4888-af34-a86d138ccfb3,69.207,72.724,76.634482,.41917639827904,.45125510799766,9.966,9.690,23.241,23.310,21.586,17.655,.69648562300319,11.897,10.897,.414,90.307775
Western Illinois,cc9e5424-ab3b-41ec-b2aa-7e8a73d759c6,68.625,73.500,76.108333,.43404568901989,.44148148148148,7.792,8.292,24.458,24.708,18.083,23.875,.70967741935483,12.333,10.333,.292,90.167524
Memphis,1551b3a0-6d10-4ffa-8dfa-73b56f004553,76.559,70.294,84.911764,.41290018832391,.40009699321047,10.853,10.118,26.412,25.294,26.176,23.265,.72247191011235,11.971,13.500,.559,90.162798
Coastal Carolina,4af63ebd-d3c8-4772-bbde-938a078bd057,69.733,67.367,77.440000,.43284457478005,.40056022408963,9.733,9.400,25.567,22.467,20.267,18.833,.66611842105263,12.500,10.200,.600,90.048208
Santa Clara,28023973-1d9d-4d01-b939-dc8f9b44fb1c,67.000,73.533,74.513333,.41158900836320,.44095404304828,7.167,9.100,23.033,25.533,18.867,21.067,.71554770318021,11.167,11.067,.333,89.916793
Holy Cross,31aedd91-a77e-46c1-8bdc-80e9860c159d,64.771,69.857,72.062857,.41223404255319,.45886752136752,6.400,7.971,20.571,24.714,19.371,17.886,.68731563421828,10.600,12.543,.429,89.881848
Morehead State,b7747a03-c85b-4de6-94bf-1b5b68553248,72.286,69.600,80.457142,.43272900763358,.44252873563218,12.343,7.857,20.886,21.314,21.143,26.714,.69459459459459,12.114,14.143,.600,89.843750
North Texas,10f450ce-143b-4e46-8bfe-52c644b68b07,72.133,78.733,80.300000,.44320188346085,.47001153402537,9.400,8.967,22.833,24.267,25.000,24.567,.65066666666666,13.667,11.967,.333,89.829804
Georgia State,94ea835b-8ce9-4de2-a5b1-971548fea974,65.036,65.643,72.464285,.43783783783783,.41220850480109,6.679,8.857,20.929,23.357,19.821,21.500,.69369369369369,11.679,13.214,.500,89.748645
New Hampshire,93cb009e-5bbf-4081-b2c9-44028fe28096,69.677,70.516,77.683870,.40878754171301,.43735763097949,9.419,6.968,25.419,24.935,21.226,19.516,.73252279635258,11.194,10.323,.581,89.693547
East Carolina,a601205f-3bfe-4052-ac0b-b8f18cf3efd3,68.313,71.906,76.187500,.42513966480446,.44688644688644,8.406,10.469,22.531,23.313,19.375,15.969,.69677419354838,12.500,12.063,.375,89.663658
Southern Miss,6120ac5d-e0f2-4b28-9e6f-ee71596a7e88,63.778,70.704,71.185185,.40692640692640,.43715846994535,6.370,8.630,21.778,24.185,18.519,21.074,.70600000000000,12.444,11.296,.259,89.594171
Loyola (MD),175d34a7-3823-4e4f-9f11-2464f55360b8,69.667,75.333,77.773333,.43008225616921,.45928529584065,9.367,9.133,22.367,22.767,21.767,23.267,.71209800918836,12.333,11.500,.300,89.576546
Radford,f2cf9ba2-ac8c-4d92-8e7a-48dd88e8f40b,71.552,73.276,79.882758,.44278320874065,.46117084826762,10.655,8.552,22.276,22.655,17.379,19.828,.65079365079365,12.966,11.345,.483,89.570923
Navy,3b088563-ca8a-49a6-9e19-5e4cb186ae1d,67.313,65.250,75.156250,.45507927187316,.41466346153846,9.219,7.250,22.969,20.969,22.813,20.500,.63972602739726,12.813,12.719,.563,89.563409
Temple,8598d1b6-106b-4083-a512-2e495729525a,68.697,67.576,76.703030,.40632723677706,.41423451100870,9.515,9.242,23.970,25.455,16.303,17.000,.68401486988847,8.879,10.333,.636,89.562262
Wake Forest,4fbebf0a-e117-4a0c-8f15-c247535a2a1b,74.032,79.032,82.664516,.43957871396895,.44045761830473,10.968,10.226,25.032,23.645,25.129,23.935,.65982028241335,14.419,10.968,.355,89.557480
Bowling Green,a9e4d292-d074-40e7-a81a-f9342929b979,69.281,73.313,77.387500,.43729003359462,.43790496760259,8.719,8.875,24.188,23.688,22.375,20.781,.65921787709497,12.625,11.688,.438,89.525117
Kennesaw State,2e8442e9-bd09-4d46-9dd3-de79433287f3,71.276,78.241,79.641379,.43775569842197,.47241784037558,8.655,10.414,21.724,24.793,19.793,22.931,.69686411149825,12.724,12.552,.310,89.496016
Towson,6f3eec09-2918-4739-a0e8-5d79e14a8332,70.387,68.871,78.670967,.42093287827076,.42404306220095,12.581,7.581,23.258,21.194,25.548,22.097,.67297979797979,11.742,11.419,.581,89.470231
Loyola Marymount,441a11b4-b506-45b3-8030-fe72a4381c40,70.733,75.233,79.080000,.41535111594991,.46083231334149,9.600,9.000,20.767,25.533,17.367,23.267,.72552783109404,10.900,13.633,.433,89.445287
Central Arkansas,dfc2dfb7-aa67-4c48-99c9-4fa6c6bc4355,74.519,83.704,83.400000,.43816698053986,.46650717703349,9.815,9.593,23.593,24.444,24.889,24.111,.65178571428571,14.444,11.370,.222,89.350741
UC Riverside,6b170a32-8445-4cb1-8638-724996c3094b,67.871,70.452,75.967741,.42133176193282,.43563218390804,8.355,8.194,23.194,23.129,20.161,21.516,.71200000000000,13.161,11.129,.387,89.341826
Western Carolina,6bff595c-32cb-4028-837c-c7de2a2107e6,71.387,74.839,79.922580,.42680180180180,.44386574074074,9.645,10.000,21.903,23.581,21.903,25.097,.70839469808541,13.871,14.419,.419,89.320309
Northern Kentucky,ab9a1315-293f-42d3-a164-860216e81576,69.464,75.643,77.771428,.43527204502814,.44299065420560,7.893,9.500,23.714,24.250,17.821,24.393,.67735470941883,13.536,11.107,.250,89.318515
UMKC,820c8f26-cf11-4997-b2e2-19f47bd2f72f,69.107,73.179,77.442857,.42489000628535,.43818770226537,9.857,9.000,22.107,22.571,20.036,24.321,.68270944741532,12.607,11.393,.321,89.236302
Alabama,c2104cdc-c83d-40d2-a3cd-df986e29f5d3,66.455,67.939,74.539393,.42171428571428,.40947816826411,8.758,11.091,23.242,23.364,21.576,22.273,.64325842696629,12.879,11.636,.545,89.153590
Pacific,c9570e17-c4fd-41e6-908a-1a083941319d,68.500,74.423,76.892307,.43015983321751,.43344947735191,8.385,9.269,22.885,23.885,21.269,27.192,.67269439421338,13.038,11.115,.231,89.085635
San Diego State,e6914f16-ca37-4d2e-ba26-a425910283e2,68.361,60.806,76.783333,.41825476429287,.37303149606299,10.139,8.278,25.500,21.833,23.556,17.694,.68396226415094,11.972,11.139,.722,89.031184
Northern Illinois,3f0ac618-3742-471a-9d1f-03e08f3deca2,70.000,69.267,78.640000,.41543901001767,.41868932038834,9.767,8.267,24.000,23.167,23.600,22.700,.67514124293785,12.633,13.433,.567,89.013224
Missouri,77ca152a-cb2f-48a5-97b2-492351250d94,68.581,72.968,77.135483,.42165898617511,.42378559463986,8.161,9.581,24.516,24.194,22.194,23.548,.70784883720930,12.258,11.000,.323,88.909335
Southeastern Louisiana,55cd5bb4-b030-4a7a-9652-6cebaf81c574,69.903,75.968,78.683870,.44683323649041,.44991606043648,8.226,10.645,22.258,22.968,20.581,24.161,.63949843260188,14.935,13.097,.323,88.840603
Loyola (IL),61a3908a-7492-4b6f-809e-12c61976bb0a,63.710,65.516,71.716129,.42413162705667,.43784786641929,5.742,7.968,21.355,24.355,17.194,19.032,.73358348968105,11.903,13.903,.452,88.835911
Jacksonville State,13358462-e05b-4449-8688-90c4622cdde8,66.310,72.621,74.648275,.39734299516908,.46666666666666,8.552,9.621,19.517,25.517,17.655,23.138,.73828125000000,10.483,11.828,.207,88.830376
Sacred Heart,3556d445-b3f1-467e-b150-952b32dfb150,73.900,77.867,83.266666,.43732590529247,.44930747922437,10.900,10.433,23.433,23.333,23.167,23.733,.68776978417266,14.167,12.700,.400,88.751001
Charleston Southern,a3fef707-e4fc-48a0-82f1-f4ef01b76f45,68.519,76.852,77.244444,.42361111111111,.46614583333333,7.296,7.704,22.519,26.444,16.074,21.444,.61290322580645,12.148,10.889,.222,88.703490
Nevada,62a73b4a-e281-4483-a1f8-f1160a18e456,73.639,72.583,83.061111,.41361741547012,.40572467060427,10.611,9.944,26.583,25.167,25.917,24.194,.73419078242229,12.722,12.444,.611,88.656276
Harvard,5c7bf63f-bc39-43c5-9907-73b50b7a6b34,66.750,67.464,75.371428,.45026178010471,.41165530068195,8.607,8.571,24.321,22.714,17.179,19.286,.59251559251559,13.929,10.964,.429,88.561410
USC Upstate,2e78bd1b-9422-491e-9c73-37cf83b0e34e,70.607,80.000,79.800000,.44147968465736,.47466827503015,9.929,8.821,22.750,23.429,18.250,21.714,.63992172211350,13.607,10.214,.250,88.480127
UCF,054c3e85-0552-4549-b123-7e84af6e7b6c,68.733,71.567,77.786666,.42968750000000,.41506493506493,9.067,10.367,25.733,22.700,20.633,16.100,.68659127625201,14.067,9.000,.400,88.361330
Cornell,88ff8c00-958e-4ccf-a21d-77fab9e93692,70.963,79.481,80.325925,.41718170580964,.45015105740181,7.185,11.556,21.556,28.444,19.333,21.963,.65325670498084,12.667,14.037,.333,88.343784
Pennsylvania,e6c94452-1adf-4fb9-90e5-10f165c57c5a,68.074,72.111,77.088888,.42875731945348,.44235588972431,8.630,9.630,23.556,24.259,18.185,19.778,.67209775967413,12.889,11.185,.370,88.305948
Idaho,ec6185b7-4e0c-4eb8-99ef-f3a4dccf6b91,67.500,66.813,76.450000,.43036461446503,.42127153891859,9.500,7.375,23.719,19.938,23.313,21.938,.70777479892761,14.844,12.063,.594,88.293001
Kansas State,d203f38a-a166-4258-bca2-e161b591ecfb,70.727,68.212,80.127272,.42910447761194,.43376187814421,11.788,9.212,22.091,21.091,24.182,21.909,.68796992481203,13.606,13.939,.515,88.268663
Alabama A&M,949c3398-85e4-4c63-ba71-9a82e06ddea4,67.036,69.750,76.021428,.41423125794155,.45348080676642,9.571,9.464,20.964,22.964,21.571,21.750,.68211920529801,11.179,10.964,.357,88.180024
Minnesota,fa416692-7e09-4f0a-9bcf-0cf7d5149a14,68.000,74.000,77.135483,.40537513997760,.45058626465661,7.935,8.323,22.935,26.226,21.387,19.710,.70739064856711,10.968,11.806,.258,88.156575
Rider,0b73b9b9-1e29-4b14-b5d8-0405fe942e32,65.970,67.364,74.884848,.42674805771365,.41192266380236,8.333,8.455,24.061,23.697,19.333,18.273,.68181818181818,12.545,11.758,.394,88.094851
Air Force,aa7af640-5762-4686-9181-39f7b8a8186e,67.433,73.600,76.640000,.42216838279830,.43613890523837,7.333,8.433,24.167,25.600,21.767,21.067,.67381316998468,12.900,13.267,.400,87.987125
Wagner,3b644902-cd06-4930-9a3e-6c78cfb1f464,69.879,65.152,79.436363,.42505133470225,.41220495106505,12.091,7.758,24.000,21.485,19.273,23.303,.70754716981132,12.697,13.879,.667,87.968260
Penn State,4aebd148-8119-4875-954c-66779867989b,65.844,69.625,74.856250,.40689271817676,.42373853211009,8.969,7.906,22.844,24.250,19.406,23.156,.69565217391304,10.875,11.156,.500,87.960257
DePaul,ee09e6ad-3872-4745-bbb9-ebbd5c6f8318,67.484,75.000,76.748387,.44470727380248,.44184687317358,8.806,8.581,22.581,21.806,19.935,24.710,.67961165048543,14.226,11.806,.290,87.928714
Cal State Northridge,cb732075-23a5-4e71-9037-50a7a002bdb2,71.143,77.143,80.950000,.42874845105328,.45201421800947,8.393,9.643,23.643,25.107,24.250,21.679,.71723122238586,13.607,13.393,.286,87.884937
Dartmouth,d60357bd-1205-42e9-9092-d986a2843a34,69.296,71.593,78.948148,.42567125081859,.45573997233748,10.481,8.667,22.259,22.407,21.630,22.630,.71917808219178,13.741,14.148,.333,87.774441
Arkansas State,95826e36-ea33-4b51-83a8-7b4cc20999ee,72.310,77.414,82.413793,.40911713791113,.40599892876272,9.310,11.000,26.724,25.655,23.966,24.483,.73237410071942,13.069,10.690,.310,87.740584
UTSA,953151f2-1e42-4cb0-a99e-202493a64dcf,71.483,84.448,81.751724,.40759930915371,.51093560145808,8.069,8.103,21.828,27.552,22.483,26.448,.70092024539877,12.862,12.310,.138,87.438838
Saint Louis,1e42cce3-236b-4f3e-9650-2c45e6332e1e,65.813,72.031,75.287500,.41946697566628,.43333333333333,5.750,8.656,23.969,25.656,20.406,22.094,.70290964777947,13.188,12.656,.344,87.414909
Texas State,1e5dc9e4-c60d-487b-8279-dfbec9229faa,64.483,65.552,73.779310,.42322335025380,.43464052287581,9.207,8.000,21.793,22.655,20.483,18.759,.67508417508417,11.241,13.276,.448,87.399513
Cal State Fullerton,c009914b-3303-4dee-b915-978aa48a31d0,69.321,75.679,79.321428,.40621039290240,.43719211822660,9.393,9.143,23.786,24.321,24.643,23.036,.69275362318840,13.107,11.250,.286,87.393066
Gardner-Webb,79871449-f5a1-4650-b3cf-85b78fd6943e,71.433,74.400,81.740000,.40981798124655,.44973544973544,10.667,8.767,22.867,25.400,21.100,22.500,.65402843601895,12.867,13.033,.467,87.390913
McNeese State,d2ef641c-70e4-48bb-b40d-ac654d179205,71.385,79.885,81.738461,.40802036919159,.46616541353383,9.577,10.692,23.423,26.077,21.846,23.154,.68838028169014,12.577,11.538,.269,87.332957
Hampton,161354af-1f3e-4d58-88f7-e016ec74b7b6,74.000,74.290,84.741935,.41460851287440,.43048128342245,11.613,8.581,24.806,24.065,25.323,21.548,.65605095541401,13.226,11.968,.645,87.323944
North Carolina Central,e4c315a0-e83f-4d14-856e-34a0463059e3,67.483,70.448,77.310344,.42264851485148,.43564356435643,10.000,9.000,22.276,21.931,21.552,21.172,.66240000000000,12.966,12.138,.345,87.288135
Florida Atlantic,c851131a-5ecd-4670-81bc-b40f4837dd65,65.968,74.548,75.677419,.40434037692747,.45584201865057,6.774,10.258,22.516,27.000,18.226,22.194,.72389380530973,11.903,11.226,.226,87.169649
Maryland-Eastern Shore,d20216d8-161c-46e3-b8d2-92208ddf5acf,66.548,74.613,76.561290,.43375680580762,.46191346739792,8.387,8.161,20.968,20.968,19.871,26.226,.70941558441558,15.290,12.613,.290,86.921715
Lamar,eda6c307-1e0f-4a28-82f4-ee9653b343fb,73.038,78.962,84.030769,.41985723556132,.46020066889632,11.538,9.808,23.038,24.192,25.269,26.885,.66514459665144,14.654,13.808,.269,86.918710
Illinois State,509aacc4-c121-46a2-800a-d5431ef181d2,66.968,66.161,77.058064,.41219239373601,.42565947242206,9.097,8.226,22.935,23.613,17.806,20.677,.67391304347826,12.258,13.258,.548,86.905558
Appalachian State,87d88c93-29bc-4306-b0a6-87c6f6e80da1,70.548,77.355,81.206451,.40055710306406,.46220302375809,9.935,9.645,22.065,23.645,22.613,23.806,.70328102710413,14.258,11.194,.290,86.875348
Delaware,0affc15f-641d-4211-970d-fb9fb8d36842,66.200,75.667,76.480000,.40204326923076,.43555555555555,9.033,9.367,25.067,24.867,23.367,19.133,.68473609129814,11.667,9.067,.233,86.558577
Bethune-Cookman,0796c3b6-5308-4aa0-8fdc-c65d39b043c6,69.067,74.233,79.860000,.40689271817676,.43567090005521,10.633,11.467,22.067,24.800,18.567,20.833,.67863554757630,12.467,11.633,.400,86.484680
Auburn,0c0608b3-f349-4f5e-9a10-7e6a744dd0d2,70.710,78.097,81.767741,.39802089059923,.44326052210974,9.258,10.806,23.710,27.065,24.097,24.258,.63186077643908,13.452,12.677,.355,86.476251
St. Peter's,e66d7ed2-9b4c-48c8-adaa-a276793b057d,65.533,66.233,75.826666,.42168674698795,.41200951248513,9.600,8.000,24.567,22.667,19.400,17.767,.65807560137457,12.733,11.567,.467,86.425180
La Salle,ad9a3e21-4585-4e35-8946-290fe4a16f18,63.533,74.267,73.540000,.40085158150851,.46441281138790,7.033,9.433,20.133,25.167,16.933,19.600,.66732283464566,11.967,12.267,.267,86.392892
Maine,0095032d-6143-44f2-8974-f6815fc56c5b,75.967,86.867,88.046666,.43216343635411,.49680851063829,9.067,9.567,21.900,27.667,20.367,23.800,.65630114566284,16.267,16.233,.267,86.280002
IUPUI,90ec10eb-38a4-4a69-b072-ef71d294933b,67.581,73.548,78.406451,.41944444444444,.45961319681456,8.548,8.065,22.871,25.097,18.516,22.065,.70905923344947,12.935,12.290,.387,86.192710
Texas Rio Grande Valley,92456e1e-f48c-4385-96ab-14cb27d18726,64.815,78.444,75.281481,.40992167101827,.46721795629060,7.407,11.593,22.185,26.370,16.815,19.481,.67180616740088,11.815,9.556,.185,86.096624
Miami (OH),1165ca31-f181-4206-b727-c4e897e4b5cd,63.156,68.813,73.368750,.40208574739281,.43623361144219,8.250,8.844,21.156,23.406,19.438,20.250,.73472668810289,11.656,13.469,.375,86.080586
Missouri State,b83de2df-328f-4303-9895-cdff048fb1ed,66.968,73.065,77.864516,.41408934707903,.44955156950672,8.677,7.935,23.032,24.806,22.161,19.645,.67831149927219,12.677,11.968,.387,86.005467
Alabama State,267d417a-8f85-4c87-a15a-068c089a74c6,70.069,73.828,81.475862,.40167597765363,.45902649414664,10.241,8.897,22.655,24.586,19.552,25.172,.69312169312169,11.931,12.621,.414,85.999660
Charleston,8548dacb-3636-48a8-8c46-611ab0c15fc0,64.633,62.300,75.200000,.41576413959085,.42561707805203,9.033,7.067,22.233,23.333,18.167,21.533,.66605504587155,12.533,13.767,.533,85.948581
Virginia Military,227d3567-d57b-417e-afc4-735e4cb308a1,67.185,77.000,78.177777,.39850093691442,.46078431372549,8.370,10.259,21.148,26.778,16.000,23.444,.71064814814814,12.481,12.556,.222,85.938981
Troy,6373b18c-62f6-49bc-bd4c-8959a2466516,67.690,74.828,78.882758,.40000000000000,.44463869463869,9.138,10.069,22.966,25.897,22.207,20.759,.63354037267080,11.552,11.931,.241,85.810456
American University,2f513e67-f019-4eec-9096-fbc5911858b6,57.581,65.677,67.206451,.42434431741761,.46875000000000,5.710,7.677,19.645,21.355,15.194,20.258,.69639065817409,13.161,11.613,.387,85.677258
Presbyterian,b06b63b0-20e6-4c78-bdcf-5feac3d7995e,64.821,73.214,75.842857,.42857142857142,.45227418321588,7.143,9.250,21.464,23.786,18.893,21.607,.71455576559546,14.036,12.929,.286,85.468072
San Jose State,29de4e5e-ee5b-48c8-bffc-1972e7da1e30,67.036,74.179,78.500000,.40834386852085,.43682539682539,8.393,8.964,23.893,25.464,21.786,26.714,.64918032786885,13.286,11.929,.214,85.395814
Mount St. Mary's,5fe4a398-1699-4442-a364-305b2f0ac01e,67.212,69.152,78.709090,.40061006609049,.45356738391845,8.727,9.515,20.212,26.606,18.212,21.606,.69217970049916,11.818,16.152,.424,85.393086
North Carolina A&T,53aaac6a-796e-41a6-a04e-6ce74c5717f8,67.161,75.452,78.664516,.40260475651189,.44245228455754,9.290,9.452,21.935,23.387,21.097,27.032,.71253822629969,13.258,12.452,.323,85.376855
Drexel,f2d01b77-0f5d-4574-9e49-2a3eaf822e44,63.100,70.400,74.093333,.39361060880048,.46714378659726,8.600,7.500,20.967,24.867,20.400,24.300,.69117647058823,10.633,11.633,.200,85.162858
New Orleans,e7ff6d5c-07e9-42af-955d-0a0b8c1e2288,73.259,79.296,86.103703,.40848484848484,.46188340807174,12.185,10.667,22.259,25.074,26.370,24.889,.68960674157303,14.444,15.370,.259,85.082588
Indiana State,2a997096-a381-469d-a7e9-9e031c8b071c,67.581,69.742,79.451612,.38995485327313,.41834968263127,8.581,7.935,25.290,26.516,23.710,24.548,.69659863945578,12.806,12.161,.452,85.058872
Northern Arizona,1753768d-e46e-40b1-8d69-a8ae5cccec03,67.250,82.714,79.100000,.39052890528905,.48666271487848,7.393,8.964,22.464,28.429,20.964,20.643,.70187393526405,12.643,12.286,.107,85.018963
TCU,f7fcbb6e-4a55-41ea-ba21-f763ed914467,66.939,71.485,78.951515,.40552486187845,.44653739612188,9.394,8.939,21.424,24.364,25.030,22.636,.67070217917675,14.091,14.273,.364,84.785444
Howard,22fbe5dc-c6db-4675-b3a3-2d8af7f5d313,70.233,76.333,82.920000,.39779326364692,.43003229278794,10.533,11.633,22.933,23.867,27.800,22.633,.72541966426858,14.400,13.567,.333,84.700112
Coppin State,5f9a90a2-3926-404e-8c8a-d9f22ad6907d,71.310,81.000,84.213793,.37908135030437,.46965399886557,10.586,11.103,22.448,26.034,23.207,26.207,.70133729569093,12.621,12.966,.241,84.677748
Morgan State,576b816b-5b9a-4768-a62b-f8435a8272c2,67.433,72.033,79.953333,.39732888146911,.45722713864306,9.700,10.433,20.833,25.467,21.467,21.767,.68322981366459,11.467,14.233,.267,84.340865
Rutgers,b03bb029-4499-4a2c-9074-5071ed360b21,67.548,81.032,80.103225,.41529152915291,.45544554455445,7.581,12.000,23.290,27.032,20.258,19.355,.68152866242038,13.355,11.516,.194,84.326675
UC Davis,8aaad1c0-d16e-4b9f-8541-dac670addd71,63.000,67.321,74.750000,.42686170212765,.42378241619228,7.036,8.643,23.643,24.536,18.036,17.964,.63960396039603,13.821,13.071,.321,84.280936
Robert Morris,6906e22d-92fa-40cb-8c05-ec8391ac1979,65.063,70.844,77.225000,.41629213483146,.43407487791644,7.813,10.813,21.781,25.406,19.781,18.969,.66666666666666,13.688,14.594,.313,84.250566
St. Francis (BKN),e19cfc47-f23f-4c64-ba29-2e6d12dc45b2,64.581,66.581,76.729032,.39374638100752,.42406876790830,10.290,8.968,22.968,23.613,20.129,19.613,.66826923076923,12.968,12.290,.452,84.167157
George Mason,e76479d0-a768-46d2-89bf-7b9dae12bec8,66.875,72.281,79.562500,.40572033898305,.42258559018906,11.375,7.125,27.438,24.125,20.313,18.344,.67076923076923,12.438,6.844,.344,84.053417
SIU-Edwardsville,c206712f-2298-4279-b76c-834ac42809b9,65.679,73.857,78.171428,.39849151477058,.46093750000000,10.250,7.893,21.500,23.786,20.964,24.107,.70357751277683,12.964,11.786,.214,84.018640
South Alabama,10c614fa-9646-46cf-a1fb-5af96772bbb8,68.290,74.452,81.490322,.40489432703003,.42419354838709,9.839,10.097,23.645,24.903,22.194,23.194,.67005813953488,14.613,12.452,.387,83.801757
Alcorn State,1bddc811-44cf-4e53-b4ab-11c8dc82c9de,66.607,72.679,79.550000,.40353089533417,.44444444444444,10.321,9.107,21.179,22.286,21.821,22.214,.68412438625204,14.179,11.571,.464,83.729908
Seattle,7e100f63-0b32-49f6-a954-f5b7c8cf48ad,63.933,68.533,76.366666,.41749379652605,.41750443524541,8.867,9.867,23.267,22.000,19.333,19.700,.66724137931034,14.900,12.400,.433,83.718900
Jackson State,c444e03b-d16b-48b2-9b18-823c2647d41d,67.235,66.353,80.311764,.40260995650072,.39988938053097,10.853,8.118,24.088,24.941,18.500,25.559,.62957074721780,12.059,14.029,.529,83.717864
Bryant University,61dadefa-76bf-4db4-8067-f88df540b9cd,64.533,76.400,77.113333,.41907514450867,.44884488448844,8.267,10.867,22.233,25.367,15.533,19.167,.64163090128755,13.233,10.633,.233,83.686349
Nicholls State,c0d19efd-d40c-4e32-8e90-dbcb28178b5d,66.097,77.548,79.258064,.41391509433962,.45037756202804,7.742,10.871,22.065,25.226,22.097,23.742,.65693430656934,15.710,12.903,.258,83.394383
Boston College,4b3ff02c-e0ba-435b-a565-6075bc491684,61.219,70.500,73.493750,.40948029697315,.45931909982688,6.281,8.094,22.188,25.594,14.125,20.031,.65044247787610,13.125,12.688,.219,83.297899
Tulane,399ad7fb-de60-45a6-a71f-d26e00f1a4ec,65.882,70.529,79.658823,.39683325086590,.43333333333333,10.441,9.059,23.500,24.529,18.265,21.118,.67632850241545,12.912,12.559,.353,82.705655
Niagara,f7575278-12ec-494a-b544-427c1759d43d,64.594,72.000,78.593750,.40384615384615,.42502696871628,10.031,9.938,22.813,22.625,19.375,20.563,.69516129032258,13.969,11.156,.219,82.186878
Central Connecticut State,a93bf4f2-3724-4539-8c8a-9ac8ee3741a6,65.103,78.207,79.482758,.40023474178403,.47519729425028,9.586,9.138,22.621,24.966,18.276,18.690,.67924528301886,13.414,10.069,.138,81.908894
San Diego,620d5944-7156-47d3-aad5-5b3824557d03,60.379,69.586,73.724137,.39122014202711,.44465894465894,8.000,7.483,22.276,24.655,18.103,22.586,.66857142857142,13.069,11.138,.276,81.898971
Savannah State,3eacc387-0ad8-4c5e-a666-c8ab447d224f,60.733,67.533,74.400000,.39177906229929,.43694267515923,7.033,8.133,20.500,24.033,20.667,21.467,.66935483870967,14.233,14.667,.467,81.630823
St. John's,c1f4aae1-aa16-4095-aeab-10e5c2a1236a,66.903,76.742,82.122580,.39977851605758,.44798657718120,8.742,9.258,22.968,27.355,22.161,25.000,.63173216885007,15.000,14.355,.226,81.467514
South Florida,55af9c69-3675-4b9b-a882-96640b782fff,63.182,71.273,77.872727,.41792656587473,.41304347826086,10.939,10.576,24.212,21.606,18.545,21.333,.66013071895424,14.333,9.212,.242,81.134718
Binghamton,fa0f8282-c4f1-490e-962c-f25350cd76f4,60.900,68.633,75.186666,.38971499380421,.43462686567164,7.967,8.500,23.500,25.233,19.467,19.167,.68150684931506,13.600,12.133,.267,80.998404
Mississippi Valley State,5873529e-e5e3-4a06-8a03-fa4cbe509880,65.514,77.257,81.422857,.38797557538750,.45213754646840,8.914,11.257,22.714,27.486,19.057,21.629,.69265367316341,12.971,13.771,.229,80.461786
Southeast Missouri State,6a7083ab-1832-48c0-9168-427b35adbcde,65.407,78.037,81.377777,.39874213836477,.47244582043343,9.889,9.185,22.593,26.926,21.037,19.074,.63908450704225,14.074,13.185,.111,80.375023
Cleveland State,e30c0417-b220-424e-886e-dd1249e2ca5a,60.267,69.533,75.186666,.39950980392156,.45437017994858,8.833,8.500,20.800,23.167,16.800,24.167,.68650793650793,14.067,12.900,.233,80.156055
Grambling State,6776c7e6-f4c2-47bd-99e5-39fc179a3197,59.321,70.464,74.157142,.39005602240896,.44692005242463,7.143,9.464,21.250,24.821,22.536,22.571,.64817749603803,14.143,13.250,.143,79.994220
Delaware State,ffa04cde-aa2d-4e91-b2cd-bde2bfed44de,60.033,74.067,76.220000,.38557806912991,.44562647754137,8.133,11.733,19.533,25.400,16.300,23.300,.60940695296523,13.767,13.067,.167,78.763228
Florida A&M,cec2527e-5e1e-4817-a628-35666ef13b6e,62.593,73.667,79.570370,.39484396200814,.44437340153452,7.630,9.185,22.704,26.704,23.185,22.296,.58945686900958,15.704,13.963,.222,78.663190
Prairie View A&M,91ec9ba2-12e5-4a75-9410-a166c82163fd,60.419,71.032,77.967741,.38042848870874,.45693341478313,9.226,10.387,19.194,23.806,20.323,25.032,.68571428571428,14.129,15.548,.226,77.492759
Chicago State,2f8c85a7-54f4-4942-be16-2cbac77c82d7,62.655,78.793,81.282758,.36700913242009,.46107055961070,10.172,9.966,21.345,27.034,17.000,24.655,.66125760649087,14.069,13.241,.034,77.082979
Quinnipiac,6a8d2a24-2128-47a0-913f-3d29e9d6592c,65.633,71.033,85.260000,.36775553213909,.41538461538461,14.067,9.033,25.000,23.767,17.733,23.467,.64661654135338,14.900,11.833,.300,76.980216
Arkansas-Pine Bluff,1394dd8a-040e-4509-9ee3-761d60eaf6c9,56.576,70.364,73.503030,.39140534262485,.43915343915343,8.061,10.697,18.455,23.121,15.727,27.667,.61078998073217,15.030,12.939,.242,76.970645
Illinois-Chicago,dfe0d93f-94a5-47fb-b7aa-f74786e09acb,65.429,79.143,85.085714,.37889688249400,.43192219679633,11.000,9.714,25.250,26.107,25.750,24.750,.61858529819694,15.214,11.250,.107,76.897246
Bradley,b47d10b8-a2a5-47df-a2f9-7bd0b9d51beb,55.871,70.484,74.096774,.37822164948453,.44029393753827,7.484,7.871,23.742,24.774,19.194,27.452,.66890756302521,16.355,11.032,.129,75.402698
