ID,pred
2016_1345_1462,0.1134
2016_1235_1462,0.0418
2016_1428_1462,0.0727
2016_1114_1462,0.0528
2016_1214_1462,0.0062
2016_1332_1462,0.2842
2016_1246_1462,0.2148
2016_1338_1462,0.0777
2016_1233_1462,0.0115
2016_1268_1462,0.1734
2016_1409_1462,0.0288
2016_1292_1462,0.0694
2016_1425_1462,0.0158
2016_1320_1462,0.088
2016_1167_1462,0.022
2016_1211_1462,0.1911
2016_1221_1462,0.0151
2016_1437_1462,0.8324
2016_1451_1462,0.0039
2016_1392_1462,0.0104
2016_1151_1462,0.0142
2016_1195_1462,0.0228
2016_1438_1462,0.5948
2016_1333_1462,0.0185
2016_1372_1462,0.1173
2016_1173_1462,0.0358
2016_1400_1462,0.0608
2016_1435_1462,0.0567
2016_1453_1462,0.0203
2016_1355_1462,0.0184
2016_1274_1462,0.5266
2016_1344_1462,0.1184
2016_1323_1462,0.0405
2016_1396_1462,0.0306
2016_1393_1462,0.1206
2016_1112_1462,0.1014
2016_1122_1462,0.0263
2016_1160_1462,0.0161
2016_1153_1462,0.0294
2016_1138_1462,0.0065
2016_1277_1462,0.3377
2016_1380_1462,0.0088
2016_1143_1462,0.0192
2016_1421_1462,0.0394
2016_1371_1462,0.1607
2016_1328_1462,0.5588
2016_1192_1462,0.0129
2016_1139_1462,0.0941
2016_1433_1462,0.0304
2016_1276_1462,0.0694
2016_1234_1462,0.0527
2016_1231_1462,0.1788
2016_1423_1462,0.0374
2016_1458_1462,0.0454
2016_1124_1462,0.0377
2016_1462_1463,0.9403
2016_1218_1462,0.0604
2016_1201_1462,0.0785
2016_1314_1462,0.7394
2016_1163_1462,0.06
2016_1401_1462,0.119
2016_1452_1462,0.2567
2016_1455_1462,0.2904
2016_1242_1462,0.9521
2016_1403_1462,0.025
2016_1181_1462,0.1095
2016_1386_1462,0.0861
2016_1235_1345,0.247
2016_1345_1428,0.6209
2016_1114_1345,0.2939
2016_1214_1345,0.0476
2016_1332_1345,0.7556
2016_1246_1345,0.6806
2016_1338_1345,0.3968
2016_1233_1345,0.0823
2016_1268_1345,0.6221
2016_1345_1409,0.8152
2016_1292_1345,0.3691
2016_1345_1425,0.8896
2016_1320_1345,0.4292
2016_1167_1345,0.1463
2016_1211_1345,0.6478
2016_1221_1345,0.1056
2016_1345_1437,0.0256
2016_1345_1451,0.9673
2016_1345_1392,0.9171
2016_1151_1345,0.0999
2016_1195_1345,0.1511
2016_1345_1438,0.0801
2016_1333_1345,0.1262
2016_1345_1372,0.4638
2016_1173_1345,0.2189
2016_1345_1400,0.663
2016_1345_1435,0.6891
2016_1345_1453,0.8496
2016_1345_1355,0.8618
2016_1274_1345,0.8966
2016_1344_1345,0.5111
2016_1323_1345,0.2411
2016_1345_1396,0.8059
2016_1345_1393,0.4817
2016_1112_1345,0.4677
2016_1122_1345,0.1704
2016_1160_1345,0.1116
2016_1153_1345,0.1868
2016_1138_1345,0.0503
2016_1277_1345,0.7966
2016_1345_1380,0.9286
2016_1143_1345,0.1303
2016_1345_1421,0.7432
2016_1345_1371,0.4001
2016_1328_1345,0.9081
2016_1192_1345,0.0914
2016_1139_1345,0.4474
2016_1345_1433,0.7901
2016_1276_1345,0.3688
2016_1234_1345,0.2934
2016_1231_1345,0.6316
2016_1345_1423,0.7532
2016_1345_1458,0.7354
2016_1124_1345,0.228
2016_1345_1463,0.669
2016_1218_1345,0.3367
2016_1201_1345,0.3996
2016_1314_1345,0.9567
2016_1163_1345,0.3221
2016_1345_1401,0.4854
2016_1345_1452,0.2695
2016_1345_1455,0.2374
2016_1242_1345,0.9936
2016_1345_1403,0.8359
2016_1181_1345,0.4892
2016_1345_1386,0.5495
2016_1235_1428,0.3509
2016_1114_1235,0.5584
2016_1214_1235,0.1274
2016_1235_1332,0.0956
2016_1235_1246,0.1329
2016_1235_1338,0.3357
2016_1233_1235,0.2142
2016_1235_1268,0.1667
2016_1235_1409,0.5928
2016_1235_1292,0.3395
2016_1235_1425,0.726
2016_1235_1320,0.2817
2016_1167_1235,0.345
2016_1211_1235,0.8483
2016_1221_1235,0.264
2016_1235_1437,0.0084
2016_1235_1451,0.9069
2016_1235_1392,0.7843
2016_1151_1235,0.2521
2016_1195_1235,0.3532
2016_1235_1438,0.0286
2016_1235_1333,0.6935
2016_1235_1372,0.2217
2016_1173_1235,0.4598
2016_1235_1400,0.3939
2016_1235_1435,0.4221
2016_1235_1453,0.6502
2016_1235_1355,0.6722
2016_1235_1274,0.0375
2016_1235_1344,0.2381
2016_1235_1323,0.507
2016_1235_1396,0.5778
2016_1235_1393,0.2343
2016_1112_1235,0.7274
2016_1122_1235,0.3851
2016_1160_1235,0.2762
2016_1153_1235,0.4113
2016_1138_1235,0.1338
2016_1235_1277,0.077
2016_1235_1380,0.8106
2016_1143_1235,0.3128
2016_1235_1421,0.488
2016_1235_1371,0.1797
2016_1235_1328,0.033
2016_1192_1235,0.2341
2016_1139_1235,0.7108
2016_1235_1433,0.5535
2016_1235_1276,0.3619
2016_1234_1235,0.5579
2016_1231_1235,0.8375
2016_1235_1423,0.5
2016_1235_1458,0.4779
2016_1124_1235,0.4728
2016_1235_1463,0.4001
2016_1218_1235,0.6042
2016_1201_1235,0.6685
2016_1235_1314,0.0148
2016_1163_1235,0.5913
2016_1235_1401,0.237
2016_1235_1452,0.1083
2016_1235_1455,0.093
2016_1235_1242,0.0021
2016_1235_1403,0.6285
2016_1181_1235,0.7441
2016_1235_1386,0.2865
2016_1114_1428,0.4049
2016_1214_1428,0.0727
2016_1332_1428,0.8346
2016_1246_1428,0.7766
2016_1338_1428,0.517
2016_1233_1428,0.1277
2016_1268_1428,0.7271
2016_1409_1428,0.2686
2016_1292_1428,0.4867
2016_1425_1428,0.1675
2016_1320_1428,0.5508
2016_1167_1428,0.2185
2016_1211_1428,0.7501
2016_1221_1428,0.1615
2016_1428_1437,0.0157
2016_1428_1451,0.9477
2016_1392_1428,0.1168
2016_1151_1428,0.1533
2016_1195_1428,0.2251
2016_1428_1438,0.0527
2016_1333_1428,0.1907
2016_1372_1428,0.6304
2016_1173_1428,0.3137
2016_1400_1428,0.4514
2016_1428_1435,0.5762
2016_1428_1453,0.7758
2016_1355_1428,0.19
2016_1274_1428,0.934
2016_1344_1428,0.633
2016_1323_1428,0.3441
2016_1396_1428,0.2805
2016_1393_1428,0.6383
2016_1112_1428,0.5896
2016_1122_1428,0.251
2016_1160_1428,0.1701
2016_1153_1428,0.2726
2016_1138_1428,0.0766
2016_1277_1428,0.8648
2016_1380_1428,0.101
2016_1143_1428,0.1965
2016_1421_1428,0.3384
2016_1371_1428,0.7087
2016_1328_1428,0.9416
2016_1192_1428,0.141
2016_1139_1428,0.5693
2016_1428_1433,0.6976
2016_1276_1428,0.4864
2016_1234_1428,0.4044
2016_1231_1428,0.7346
2016_1423_1428,0.3274
2016_1428_1458,0.6327
2016_1124_1428,0.3288
2016_1428_1463,0.5533
2016_1218_1428,0.4496
2016_1201_1428,0.52
2016_1314_1428,0.973
2016_1163_1428,0.4368
2016_1401_1428,0.6345
2016_1428_1452,0.1844
2016_1428_1455,0.1602
2016_1242_1428,0.9961
2016_1403_1428,0.2414
2016_1181_1428,0.611
2016_1386_1428,0.545
2016_1114_1214,0.8962
2016_1114_1332,0.1182
2016_1114_1246,0.1629
2016_1114_1338,0.3881
2016_1114_1233,0.8221
2016_1114_1268,0.2024
2016_1114_1409,0.6482
2016_1114_1292,0.4166
2016_1114_1425,0.7708
2016_1114_1320,0.3576
2016_1114_1167,0.7075
2016_1114_1211,0.1839
2016_1114_1221,0.7783
2016_1114_1437,0.0107
2016_1114_1451,0.932
2016_1114_1392,0.8365
2016_1114_1151,0.7889
2016_1114_1195,0.6996
2016_1114_1438,0.0361
2016_1114_1333,0.7417
2016_1114_1372,0.286
2016_1114_1173,0.5975
2016_1114_1400,0.4512
2016_1114_1435,0.4807
2016_1114_1453,0.7233
2016_1114_1355,0.7426
2016_1114_1274,0.0474
2016_1114_1344,0.2839
2016_1114_1323,0.5663
2016_1114_1396,0.6372
2016_1114_1393,0.2797
2016_1112_1114,0.6548
2016_1114_1122,0.6687
2016_1114_1160,0.7674
2016_1114_1153,0.6472
2016_1114_1138,0.8909
2016_1114_1277,0.0957
2016_1114_1380,0.8576
2016_1114_1143,0.7345
2016_1114_1421,0.573
2016_1114_1371,0.2175
2016_1114_1328,0.0417
2016_1114_1192,0.8047
2016_1114_1139,0.3416
2016_1114_1433,0.6384
2016_1114_1276,0.4169
2016_1114_1234,0.5
2016_1114_1231,0.1964
2016_1114_1423,0.5861
2016_1114_1458,0.5374
2016_1114_1124,0.5844
2016_1114_1463,0.4834
2016_1114_1218,0.453
2016_1114_1201,0.3854
2016_1114_1314,0.0187
2016_1114_1163,0.4659
2016_1114_1401,0.2827
2016_1114_1452,0.1335
2016_1114_1455,0.1151
2016_1114_1242,0.0027
2016_1114_1403,0.6801
2016_1114_1181,0.3021
2016_1114_1386,0.3627
2016_1214_1332,0.0155
2016_1214_1246,0.0224
2016_1214_1338,0.068
2016_1214_1233,0.3503
2016_1214_1268,0.0292
2016_1214_1409,0.1755
2016_1214_1292,0.0761
2016_1214_1425,0.2797
2016_1214_1320,0.0599
2016_1167_1214,0.7803
2016_1211_1214,0.9744
2016_1214_1221,0.2885
2016_1214_1437,0.0012
2016_1214_1451,0.6137
2016_1214_1392,0.3727
2016_1151_1214,0.6969
2016_1195_1214,0.7868
2016_1214_1438,0.0042
2016_1214_1333,0.2491
2016_1214_1372,0.0458
2016_1173_1214,0.8532
2016_1214_1400,0.0867
2016_1214_1435,0.0966
2016_1214_1453,0.2319
2016_1214_1355,0.2499
2016_1214_1274,0.0055
2016_1214_1344,0.0454
2016_1214_1323,0.131
2016_1214_1396,0.1669
2016_1214_1393,0.0444
2016_1112_1214,0.9427
2016_1122_1214,0.8097
2016_1160_1214,0.7014
2016_1153_1214,0.8111
2016_1138_1214,0.513
2016_1214_1277,0.0122
2016_1214_1380,0.4105
2016_1143_1214,0.7369
2016_1214_1421,0.1341
2016_1214_1371,0.032
2016_1214_1328,0.0049
2016_1192_1214,0.6759
2016_1139_1214,0.9381
2016_1214_1433,0.1676
2016_1214_1276,0.0762
2016_1214_1234,0.1034
2016_1214_1231,0.0281
2016_1214_1423,0.1404
2016_1214_1458,0.1183
2016_1124_1214,0.8467
2016_1214_1463,0.0976
2016_1214_1218,0.0873
2016_1201_1214,0.9323
2016_1214_1314,0.0022
2016_1163_1214,0.899
2016_1214_1401,0.0451
2016_1214_1452,0.0178
2016_1214_1455,0.015
2016_1214_1242,0.0003
2016_1214_1403,0.1972
2016_1181_1214,0.9472
2016_1214_1386,0.0612
2016_1246_1332,0.4075
2016_1332_1338,0.8245
2016_1233_1332,0.0288
2016_1268_1332,0.3473
2016_1332_1409,0.932
2016_1292_1332,0.1577
2016_1332_1425,0.9615
2016_1320_1332,0.1949
2016_1167_1332,0.0545
2016_1211_1332,0.3735
2016_1221_1332,0.0378
2016_1332_1437,0.0738
2016_1332_1451,0.9892
2016_1332_1392,0.9717
2016_1151_1332,0.0355
2016_1195_1332,0.0565
2016_1332_1438,0.2127
2016_1332_1333,0.9553
2016_1332_1372,0.7286
2016_1173_1332,0.0828
2016_1332_1400,0.8594
2016_1332_1435,0.8732
2016_1332_1453,0.9461
2016_1332_1355,0.9509
2016_1274_1332,0.7362
2016_1332_1344,0.7465
2016_1323_1332,0.0928
2016_1332_1396,0.9281
2016_1332_1393,0.7426
2016_1112_1332,0.2206
2016_1122_1332,0.0621
2016_1160_1332,0.0402
2016_1153_1332,0.0689
2016_1138_1332,0.0164
2016_1277_1332,0.558
2016_1332_1380,0.9758
2016_1143_1332,0.0478
2016_1332_1421,0.9
2016_1332_1371,0.6738
2016_1328_1332,0.7606
2016_1192_1332,0.0323
2016_1139_1332,0.2068
2016_1332_1433,0.9213
2016_1276_1332,0.1576
2016_1234_1332,0.118
2016_1231_1332,0.3555
2016_1332_1423,0.9047
2016_1332_1458,0.8963
2016_1124_1332,0.0869
2016_1332_1463,0.8626
2016_1218_1332,0.1389
2016_1201_1332,0.1762
2016_1314_1332,0.877
2016_1163_1332,0.1328
2016_1332_1401,0.7454
2016_1332_1452,0.5338
2016_1332_1455,0.4914
2016_1242_1332,0.9803
2016_1332_1403,0.9405
2016_1181_1332,0.2358
2016_1332_1386,0.791
2016_1246_1338,0.7639
2016_1233_1246,0.0416
2016_1246_1268,0.5653
2016_1246_1409,0.9043
2016_1246_1292,0.7672
2016_1246_1425,0.9452
2016_1246_1320,0.7182
2016_1167_1246,0.0742
2016_1211_1246,0.4624
2016_1221_1246,0.0545
2016_1246_1437,0.0542
2016_1246_1451,0.9844
2016_1246_1392,0.9594
2016_1151_1246,0.0513
2016_1195_1246,0.0768
2016_1246_1438,0.157
2016_1246_1333,0.9364
2016_1246_1372,0.6492
2016_1173_1246,0.1158
2016_1246_1400,0.8081
2016_1246_1435,0.8259
2016_1246_1453,0.9236
2016_1246_1355,0.9303
2016_1246_1274,0.1968
2016_1246_1344,0.67
2016_1246_1323,0.87
2016_1246_1396,0.899
2016_1246_1393,0.6653
2016_1112_1246,0.2911
2016_1122_1246,0.0876
2016_1160_1246,0.0578
2016_1153_1246,0.097
2016_1138_1246,0.0237
2016_1246_1277,0.3537
2016_1246_1380,0.9653
2016_1143_1246,0.0655
2016_1246_1421,0.8611
2016_1246_1371,0.5879
2016_1246_1328,0.1771
2016_1192_1246,0.0466
2016_1139_1246,0.2745
2016_1246_1433,0.8897
2016_1246_1276,0.7853
2016_1234_1246,0.1626
2016_1231_1246,0.4423
2016_1246_1423,0.8673
2016_1246_1458,0.8562
2016_1124_1246,0.1213
2016_1246_1463,0.8122
2016_1218_1246,0.1896
2016_1201_1246,0.2368
2016_1246_1314,0.0876
2016_1163_1246,0.1818
2016_1246_1401,0.6687
2016_1246_1452,0.4411
2016_1246_1455,0.4003
2016_1242_1246,0.9864
2016_1246_1403,0.916
2016_1181_1246,0.3092
2016_1246_1386,0.7229
2016_1233_1338,0.1199
2016_1268_1338,0.7127
2016_1338_1409,0.7438
2016_1292_1338,0.4688
2016_1338_1425,0.8414
2016_1320_1338,0.5329
2016_1167_1338,0.2065
2016_1211_1338,0.7364
2016_1221_1338,0.152
2016_1338_1437,0.0169
2016_1338_1451,0.9511
2016_1338_1392,0.8792
2016_1151_1338,0.1442
2016_1195_1338,0.2128
2016_1338_1438,0.0565
2016_1333_1338,0.1798
2016_1338_1372,0.3646
2016_1173_1338,0.2985
2016_1338_1400,0.5646
2016_1338_1435,0.5941
2016_1338_1453,0.788
2016_1338_1355,0.804
2016_1274_1338,0.9295
2016_1338_1344,0.3855
2016_1323_1338,0.329
2016_1338_1396,0.7322
2016_1338_1393,0.3808
2016_1112_1338,0.5718
2016_1122_1338,0.2377
2016_1160_1338,0.1602
2016_1153_1338,0.2586
2016_1138_1338,0.0717
2016_1277_1338,0.8562
2016_1338_1380,0.8955
2016_1143_1338,0.1854
2016_1338_1421,0.6559
2016_1338_1371,0.3047
2016_1328_1338,0.9375
2016_1192_1338,0.1326
2016_1139_1338,0.5514
2016_1338_1433,0.7125
2016_1276_1338,0.4685
2016_1234_1338,0.3877
2016_1231_1338,0.7203
2016_1338_1423,0.6678
2016_1338_1458,0.6467
2016_1124_1338,0.3096
2016_1338_1463,0.5712
2016_1218_1338,0.432
2016_1201_1338,0.5
2016_1314_1338,0.9711
2016_1163_1338,0.4194
2016_1338_1401,0.3842
2016_1338_1452,0.1954
2016_1338_1455,0.1701
2016_1242_1338,0.9958
2016_1338_1403,0.7702
2016_1181_1338,0.5932
2016_1338_1386,0.4455
2016_1233_1268,0.054
2016_1233_1409,0.2843
2016_1233_1292,0.1333
2016_1233_1425,0.4206
2016_1233_1320,0.1063
2016_1167_1233,0.6554
2016_1211_1233,0.9534
2016_1221_1233,0.5674
2016_1233_1437,0.0023
2016_1233_1451,0.7467
2016_1233_1392,0.5244
2016_1151_1233,0.552
2016_1195_1233,0.664
2016_1233_1438,0.0078
2016_1233_1333,0.3834
2016_1233_1372,0.0795
2016_1173_1233,0.7567
2016_1233_1400,0.1506
2016_1233_1435,0.1664
2016_1233_1453,0.3623
2016_1233_1355,0.3845
2016_1233_1274,0.0103
2016_1233_1344,0.0788
2016_1233_1323,0.2196
2016_1233_1396,0.2722
2016_1233_1393,0.0773
2016_1112_1233,0.8981
2016_1122_1233,0.695
2016_1160_1233,0.5572
2016_1153_1233,0.697
2016_1138_1233,0.3626
2016_1233_1277,0.0228
2016_1233_1380,0.5649
2016_1143_1233,0.601
2016_1233_1421,0.2242
2016_1233_1371,0.059
2016_1233_1328,0.0091
2016_1192_1233,0.5276
2016_1139_1233,0.8903
2016_1233_1433,0.2732
2016_1233_1276,0.1334
2016_1233_1234,0.1771
2016_1231_1233,0.9445
2016_1233_1423,0.2336
2016_1233_1458,0.2003
2016_1124_1233,0.7473
2016_1233_1463,0.1679
2016_1218_1233,0.8476
2016_1201_1233,0.8807
2016_1233_1314,0.004
2016_1163_1233,0.8264
2016_1233_1401,0.0783
2016_1233_1452,0.0331
2016_1233_1455,0.0279
2016_1233_1242,0.0006
2016_1233_1403,0.3143
2016_1181_1233,0.9057
2016_1233_1386,0.1086
2016_1268_1409,0.8786
2016_1268_1292,0.7163
2016_1268_1425,0.9297
2016_1268_1320,0.6614
2016_1167_1268,0.0946
2016_1211_1268,0.5287
2016_1221_1268,0.0672
2016_1268_1437,0.0418
2016_1268_1451,0.9798
2016_1268_1392,0.9477
2016_1151_1268,0.0634
2016_1195_1268,0.0979
2016_1268_1438,0.1249
2016_1268_1333,0.9186
2016_1268_1372,0.587
2016_1173_1268,0.1459
2016_1268_1400,0.7634
2016_1268_1435,0.7842
2016_1268_1453,0.9027
2016_1268_1355,0.911
2016_1268_1274,0.1581
2016_1268_1344,0.61
2016_1268_1323,0.8367
2016_1268_1396,0.8721
2016_1268_1393,0.6048
2016_1112_1268,0.3512
2016_1122_1268,0.1113
2016_1160_1268,0.0712
2016_1153_1268,0.1229
2016_1138_1268,0.0309
2016_1268_1277,0.2935
2016_1268_1380,0.9552
2016_1143_1268,0.0837
2016_1268_1421,0.826
2016_1268_1371,0.5218
2016_1268_1328,0.1416
2016_1192_1268,0.0604
2016_1139_1268,0.3338
2016_1268_1433,0.8607
2016_1268_1276,0.737
2016_1234_1268,0.2021
2016_1231_1268,0.5085
2016_1268_1423,0.8335
2016_1268_1458,0.8201
2016_1124_1268,0.1526
2016_1268_1463,0.7682
2016_1218_1268,0.2339
2016_1201_1268,0.2882
2016_1268_1314,0.0686
2016_1163_1268,0.2247
2016_1268_1401,0.6085
2016_1268_1452,0.3781
2016_1268_1455,0.3408
2016_1242_1268,0.9895
2016_1268_1403,0.8931
2016_1181_1268,0.3702
2016_1268_1386,0.6666
2016_1292_1409,0.7201
2016_1409_1425,0.6451
2016_1320_1409,0.7688
2016_1167_1409,0.4315
2016_1211_1409,0.8908
2016_1221_1409,0.3459
2016_1409_1437,0.0058
2016_1409_1451,0.8698
2016_1392_1409,0.2641
2016_1151_1409,0.3328
2016_1195_1409,0.4408
2016_1409_1438,0.0196
2016_1333_1409,0.3907
2016_1372_1409,0.8209
2016_1173_1409,0.5537
2016_1400_1409,0.6906
2016_1409_1435,0.3367
2016_1409_1453,0.5606
2016_1355_1409,0.3897
2016_1274_1409,0.9746
2016_1344_1409,0.8224
2016_1323_1409,0.5848
2016_1396_1409,0.5141
2016_1393_1409,0.8254
2016_1112_1409,0.7955
2016_1122_1409,0.4762
2016_1160_1409,0.3593
2016_1153_1409,0.5
2016_1138_1409,0.1837
2016_1277_1409,0.9455
2016_1380_1409,0.2337
2016_1143_1409,0.3994
2016_1409_1421,0.396
2016_1371_1409,0.8686
2016_1328_1409,0.9776
2016_1192_1409,0.3082
2016_1139_1409,0.7818
2016_1409_1433,0.4595
2016_1276_1409,0.7199
2016_1234_1409,0.6477
2016_1231_1409,0.8826
2016_1409_1423,0.4085
2016_1409_1458,0.3867
2016_1124_1409,0.5667
2016_1409_1463,0.3134
2016_1218_1409,0.689
2016_1201_1409,0.7461
2016_1314_1409,0.9899
2016_1163_1409,0.6778
2016_1401_1409,0.8233
2016_1409_1452,0.0769
2016_1409_1455,0.0657
2016_1242_1409,1.0
2016_1403_1409,0.4633
2016_1181_1409,0.8092
2016_1386_1409,0.7647
2016_1292_1425,0.8245
2016_1292_1320,0.4353
2016_1167_1292,0.227
2016_1211_1292,0.7592
2016_1221_1292,0.1683
2016_1292_1437,0.015
2016_1292_1451,0.9503
2016_1292_1392,0.8773
2016_1151_1292,0.1598
2016_1195_1292,0.2338
2016_1292_1438,0.0502
2016_1292_1333,0.8004
2016_1292_1372,0.3606
2016_1173_1292,0.3281
2016_1292_1400,0.5345
2016_1292_1435,0.564
2016_1292_1453,0.785
2016_1292_1355,0.8011
2016_1274_1292,0.9306
2016_1292_1344,0.3584
2016_1292_1323,0.6457
2016_1292_1396,0.7078
2016_1292_1393,0.3538
2016_1112_1292,0.5763
2016_1122_1292,0.2603
2016_1160_1292,0.1627
2016_1153_1292,0.2621
2016_1138_1292,0.0802
2016_1277_1292,0.8584
2016_1292_1380,0.8938
2016_1143_1292,0.1881
2016_1292_1421,0.6518
2016_1292_1371,0.2797
2016_1292_1328,0.0578
2016_1192_1292,0.1471
2016_1139_1292,0.5559
2016_1292_1433,0.7088
2016_1276_1292,0.473
2016_1234_1292,0.3919
2016_1231_1292,0.724
2016_1292_1423,0.6637
2016_1292_1458,0.6204
2016_1124_1292,0.3135
2016_1292_1463,0.5667
2016_1218_1292,0.4618
2016_1201_1292,0.5322
2016_1292_1314,0.0261
2016_1163_1292,0.4238
2016_1292_1401,0.3571
2016_1292_1452,0.1771
2016_1292_1455,0.1537
2016_1242_1292,0.9958
2016_1292_1403,0.7481
2016_1181_1292,0.5977
2016_1292_1386,0.441
2016_1320_1425,0.8587
2016_1167_1425,0.581
2016_1211_1425,0.937
2016_1221_1425,0.4882
2016_1425_1437,0.0032
2016_1425_1451,0.7852
2016_1392_1425,0.3965
2016_1151_1425,0.4727
2016_1195_1425,0.5905
2016_1425_1438,0.0108
2016_1333_1425,0.5384
2016_1372_1425,0.8933
2016_1173_1425,0.6936
2016_1400_1425,0.803
2016_1425_1435,0.2152
2016_1425_1453,0.4117
2016_1355_1425,0.5373
2016_1274_1425,0.9859
2016_1344_1425,0.8943
2016_1323_1425,0.7196
2016_1396_1425,0.6588
2016_1393_1425,0.8963
2016_1112_1425,0.8767
2016_1122_1425,0.626
2016_1160_1425,0.5
2016_1153_1425,0.6498
2016_1138_1425,0.2912
2016_1277_1425,0.9694
2016_1380_1425,0.3595
2016_1143_1425,0.5477
2016_1421_1425,0.7142
2016_1371_1425,0.9235
2016_1328_1425,0.9876
2016_1192_1425,0.4485
2016_1139_1425,0.8675
2016_1425_1433,0.3178
2016_1276_1425,0.8243
2016_1234_1425,0.7704
2016_1231_1425,0.9321
2016_1423_1425,0.7032
2016_1425_1458,0.256
2016_1124_1425,0.7046
2016_1425_1463,0.2001
2016_1218_1425,0.8018
2016_1201_1425,0.843
2016_1314_1425,0.9944
2016_1163_1425,0.7934
2016_1401_1425,0.8949
2016_1425_1452,0.0452
2016_1425_1455,0.0383
2016_1242_1425,1.0
2016_1403_1425,0.6131
2016_1181_1425,0.8857
2016_1386_1425,0.8558
2016_1167_1320,0.1851
2016_1211_1320,0.7092
2016_1221_1320,0.1354
2016_1320_1437,0.0193
2016_1320_1451,0.9611
2016_1320_1392,0.9024
2016_1151_1320,0.1282
2016_1195_1320,0.191
2016_1320_1438,0.0616
2016_1320_1333,0.8384
2016_1320_1372,0.42
2016_1173_1320,0.2709
2016_1320_1400,0.5982
2016_1320_1435,0.6279
2016_1320_1453,0.8252
2016_1320_1355,0.839
2016_1274_1320,0.9121
2016_1320_1344,0.4175
2016_1320_1323,0.702
2016_1320_1396,0.758
2016_1320_1393,0.4125
2016_1112_1320,0.5124
2016_1122_1320,0.214
2016_1160_1320,0.1306
2016_1153_1320,0.2155
2016_1138_1320,0.0631
2016_1277_1320,0.8241
2016_1320_1380,0.9158
2016_1143_1320,0.152
2016_1320_1421,0.7076
2016_1320_1371,0.3373
2016_1320_1328,0.0705
2016_1192_1320,0.1177
2016_1139_1320,0.4919
2016_1320_1433,0.7589
2016_1276_1320,0.4102
2016_1234_1320,0.3351
2016_1231_1320,0.6698
2016_1320_1423,0.7185
2016_1320_1458,0.6771
2016_1124_1320,0.261
2016_1320_1463,0.6306
2016_1218_1320,0.3995
2016_1201_1320,0.4681
2016_1314_1320,0.9636
2016_1163_1320,0.3641
2016_1320_1401,0.4161
2016_1320_1452,0.2177
2016_1320_1455,0.1901
2016_1242_1320,0.9946
2016_1320_1403,0.7933
2016_1181_1320,0.5339
2016_1320_1386,0.5
2016_1167_1211,0.0849
2016_1167_1221,0.5917
2016_1167_1437,0.0044
2016_1167_1451,0.8493
2016_1167_1392,0.678
2016_1151_1167,0.3928
2016_1167_1195,0.4895
2016_1167_1438,0.015
2016_1167_1333,0.5418
2016_1167_1372,0.1416
2016_1167_1173,0.3797
2016_1167_1400,0.2529
2016_1167_1435,0.276
2016_1167_1453,0.5184
2016_1167_1355,0.5429
2016_1167_1274,0.0197
2016_1167_1344,0.1403
2016_1167_1323,0.3519
2016_1167_1396,0.417
2016_1167_1393,0.1378
2016_1112_1167,0.8217
2016_1122_1167,0.5441
2016_1160_1167,0.3978
2016_1153_1167,0.5464
2016_1138_1167,0.2281
2016_1167_1277,0.0432
2016_1167_1380,0.7125
2016_1143_1167,0.4401
2016_1167_1421,0.3577
2016_1167_1371,0.1027
2016_1167_1328,0.0173
2016_1167_1192,0.6316
2016_1139_1167,0.8094
2016_1167_1433,0.4181
2016_1167_1276,0.2272
2016_1167_1234,0.2913
2016_1167_1231,0.0914
2016_1167_1423,0.3694
2016_1167_1458,0.3235
2016_1124_1167,0.6088
2016_1167_1463,0.2782
2016_1167_1218,0.2543
2016_1167_1201,0.2045
2016_1167_1314,0.0077
2016_1163_1167,0.7136
2016_1167_1401,0.1396
2016_1167_1452,0.0597
2016_1167_1455,0.0529
2016_1167_1242,0.0011
2016_1167_1403,0.4668
2016_1167_1181,0.1513
2016_1167_1386,0.1887
2016_1211_1221,0.9395
2016_1211_1437,0.0469
2016_1211_1451,0.9837
2016_1211_1392,0.9577
2016_1151_1211,0.0591
2016_1195_1211,0.0879
2016_1211_1438,0.1385
2016_1211_1333,0.9271
2016_1211_1372,0.6424
2016_1173_1211,0.1317
2016_1211_1400,0.7842
2016_1211_1435,0.8037
2016_1211_1453,0.9205
2016_1211_1355,0.9274
2016_1211_1274,0.1746
2016_1211_1344,0.6398
2016_1211_1323,0.8524
2016_1211_1396,0.8848
2016_1211_1393,0.6345
2016_1112_1211,0.3003
2016_1122_1211,0.1001
2016_1160_1211,0.0604
2016_1153_1211,0.1009
2016_1138_1211,0.0274
2016_1211_1277,0.3187
2016_1211_1380,0.9638
2016_1143_1211,0.0682
2016_1211_1421,0.8557
2016_1211_1371,0.5514
2016_1211_1328,0.1567
2016_1192_1211,0.0538
2016_1139_1211,0.2834
2016_1211_1433,0.8853
2016_1211_1276,0.7594
2016_1211_1234,0.8153
2016_1211_1231,0.5193
2016_1211_1423,0.8622
2016_1211_1458,0.8371
2016_1124_1211,0.1261
2016_1211_1463,0.8054
2016_1211_1218,0.7854
2016_1201_1211,0.2644
2016_1211_1314,0.0766
2016_1163_1211,0.1884
2016_1211_1401,0.6383
2016_1211_1452,0.4057
2016_1211_1455,0.3666
2016_1211_1242,0.0118
2016_1211_1403,0.904
2016_1181_1211,0.3187
2016_1211_1386,0.714
2016_1221_1437,0.003
2016_1221_1451,0.7951
2016_1221_1392,0.5926
2016_1151_1221,0.4835
2016_1195_1221,0.6012
2016_1221_1438,0.0103
2016_1221_1333,0.449
2016_1221_1372,0.1021
2016_1173_1221,0.7027
2016_1221_1400,0.1891
2016_1221_1435,0.208
2016_1221_1453,0.4261
2016_1221_1355,0.4501
2016_1221_1274,0.0136
2016_1221_1344,0.1011
2016_1221_1323,0.2702
2016_1221_1396,0.3332
2016_1221_1393,0.0992
2016_1112_1221,0.87
2016_1122_1221,0.6369
2016_1160_1221,0.4888
2016_1153_1221,0.6392
2016_1138_1221,0.3002
2016_1221_1277,0.0299
2016_1221_1380,0.6332
2016_1143_1221,0.5328
2016_1221_1421,0.2755
2016_1221_1371,0.0731
2016_1221_1328,0.0119
2016_1192_1221,0.4592
2016_1139_1221,0.8605
2016_1221_1433,0.3342
2016_1221_1276,0.1685
2016_1221_1234,0.2207
2016_1221_1231,0.0648
2016_1221_1423,0.2862
2016_1221_1458,0.2478
2016_1124_1221,0.6921
2016_1221_1463,0.2098
2016_1218_1221,0.8086
2016_1201_1221,0.8486
2016_1221_1314,0.0053
2016_1163_1221,0.7834
2016_1221_1401,0.1006
2016_1221_1452,0.0433
2016_1221_1455,0.0367
2016_1221_1242,0.0008
2016_1221_1403,0.3775
2016_1181_1221,0.8795
2016_1221_1386,0.1381
2016_1437_1451,1.0
2016_1392_1437,0.0021
2016_1151_1437,0.0029
2016_1195_1437,0.0046
2016_1437_1438,0.7716
2016_1333_1437,0.0037
2016_1372_1437,0.0266
2016_1173_1437,0.0072
2016_1400_1437,0.013
2016_1435_1437,0.0115
2016_1437_1453,0.9955
2016_1355_1437,0.0037
2016_1274_1437,0.1825
2016_1344_1437,0.0269
2016_1323_1437,0.0082
2016_1396_1437,0.0062
2016_1393_1437,0.0274
2016_1112_1437,0.0226
2016_1122_1437,0.0053
2016_1160_1437,0.0032
2016_1153_1437,0.0059
2016_1138_1437,0.0013
2016_1277_1437,0.0917
2016_1380_1437,0.0018
2016_1143_1437,0.0039
2016_1421_1437,0.008
2016_1371_1437,0.0382
2016_1328_1437,0.2026
2016_1192_1437,0.0026
2016_1139_1437,0.0208
2016_1433_1437,0.0061
2016_1276_1437,0.0149
2016_1234_1437,0.0107
2016_1231_1437,0.0433
2016_1423_1437,0.0076
2016_1437_1458,0.9908
2016_1124_1437,0.0076
2016_1437_1463,0.9874
2016_1218_1437,0.0129
2016_1201_1437,0.0171
2016_1314_1437,0.3645
2016_1163_1437,0.0122
2016_1401_1437,0.027
2016_1437_1452,0.9348
2016_1437_1455,0.9236
2016_1242_1437,0.7996
2016_1403_1437,0.005
2016_1181_1437,0.0246
2016_1386_1437,0.0189
2016_1392_1451,0.7271
2016_1151_1451,0.7848
2016_1195_1451,0.8541
2016_1438_1451,0.997
2016_1333_1451,0.8106
2016_1372_1451,0.9714
2016_1173_1451,0.9022
2016_1400_1451,0.9374
2016_1435_1451,0.93
2016_1451_1453,0.16
2016_1355_1451,0.8253
2016_1274_1451,0.9961
2016_1344_1451,0.9688
2016_1323_1451,0.9041
2016_1396_1451,0.8764
2016_1393_1451,0.9694
2016_1112_1451,0.963
2016_1122_1451,0.8711
2016_1160_1451,0.7883
2016_1153_1451,0.8721
2016_1138_1451,0.6277
2016_1277_1451,0.9915
2016_1380_1451,0.6936
2016_1143_1451,0.8163
2016_1421_1451,0.9105
2016_1371_1451,0.9779
2016_1328_1451,0.9966
2016_1192_1451,0.7678
2016_1139_1451,0.96
2016_1433_1451,0.8867
2016_1276_1451,0.9451
2016_1234_1451,0.925
2016_1231_1451,0.9805
2016_1423_1451,0.9061
2016_1451_1458,0.078
2016_1124_1451,0.8976
2016_1451_1463,0.0638
2016_1218_1451,0.9428
2016_1201_1451,0.9562
2016_1314_1451,1.0
2016_1163_1451,0.9338
2016_1401_1451,0.9689
2016_1451_1452,0.0112
2016_1451_1455,0.0095
2016_1242_1451,1.0
2016_1403_1451,0.8526
2016_1181_1451,0.966
2016_1386_1451,0.9602
2016_1151_1392,0.5772
2016_1195_1392,0.6863
2016_1392_1438,0.0071
2016_1333_1392,0.617
2016_1372_1392,0.9272
2016_1173_1392,0.7749
2016_1392_1400,0.138
2016_1392_1435,0.1528
2016_1392_1453,0.3404
2016_1355_1392,0.6417
2016_1274_1392,0.9897
2016_1344_1392,0.9207
2016_1323_1392,0.7788
2016_1392_1396,0.2526
2016_1392_1393,0.0703
2016_1112_1392,0.907
2016_1122_1392,0.7161
2016_1160_1392,0.5824
2016_1153_1392,0.718
2016_1138_1392,0.3854
2016_1277_1392,0.9775
2016_1380_1392,0.4584
2016_1143_1392,0.6263
2016_1392_1421,0.2071
2016_1371_1392,0.943
2016_1328_1392,0.9909
2016_1192_1392,0.5529
2016_1139_1392,0.8999
2016_1392_1433,0.2535
2016_1276_1392,0.8656
2016_1234_1392,0.8216
2016_1231_1392,0.9496
2016_1392_1423,0.2159
2016_1392_1458,0.1845
2016_1124_1392,0.766
2016_1392_1463,0.1542
2016_1218_1392,0.8603
2016_1201_1392,0.8909
2016_1314_1392,0.9959
2016_1163_1392,0.8405
2016_1392_1401,0.0713
2016_1392_1452,0.0299
2016_1392_1455,0.0253
2016_1242_1392,1.0
2016_1392_1403,0.2929
2016_1181_1392,0.914
2016_1386_1392,0.9003
2016_1151_1195,0.384
2016_1151_1438,0.0097
2016_1151_1333,0.4337
2016_1151_1372,0.0965
2016_1151_1173,0.2829
2016_1151_1400,0.1798
2016_1151_1435,0.198
2016_1151_1453,0.4111
2016_1151_1355,0.4348
2016_1151_1274,0.0128
2016_1151_1344,0.0956
2016_1151_1323,0.2581
2016_1151_1396,0.3162
2016_1151_1393,0.0938
2016_1112_1151,0.8769
2016_1122_1151,0.6483
2016_1151_1160,0.468
2016_1151_1153,0.3285
2016_1138_1151,0.3134
2016_1151_1277,0.0281
2016_1151_1380,0.6176
2016_1143_1151,0.5483
2016_1151_1421,0.2633
2016_1151_1371,0.069
2016_1151_1328,0.0112
2016_1151_1192,0.5234
2016_1139_1151,0.8678
2016_1151_1433,0.3173
2016_1151_1276,0.1599
2016_1151_1234,0.2102
2016_1151_1231,0.0612
2016_1151_1423,0.2737
2016_1151_1458,0.2364
2016_1124_1151,0.7051
2016_1151_1463,0.1997
2016_1151_1218,0.1809
2016_1151_1201,0.1427
2016_1151_1314,0.005
2016_1151_1163,0.1887
2016_1151_1401,0.0951
2016_1151_1452,0.0408
2016_1151_1455,0.0345
2016_1151_1242,0.0007
2016_1151_1403,0.3635
2016_1151_1181,0.1035
2016_1151_1386,0.1309
2016_1195_1438,0.0155
2016_1195_1333,0.5513
2016_1195_1372,0.1463
2016_1173_1195,0.6119
2016_1195_1400,0.2602
2016_1195_1435,0.2837
2016_1195_1453,0.5279
2016_1195_1355,0.5524
2016_1195_1274,0.0204
2016_1195_1344,0.145
2016_1195_1323,0.3602
2016_1195_1396,0.4262
2016_1195_1393,0.1424
2016_1112_1195,0.816
2016_1122_1195,0.5346
2016_1160_1195,0.3889
2016_1153_1195,0.5369
2016_1138_1195,0.2215
2016_1195_1277,0.0449
2016_1195_1380,0.7202
2016_1143_1195,0.4308
2016_1195_1421,0.3661
2016_1195_1371,0.1063
2016_1195_1328,0.018
2016_1192_1195,0.3621
2016_1139_1195,0.8034
2016_1195_1433,0.4273
2016_1195_1276,0.234
2016_1195_1234,0.2992
2016_1195_1231,0.0947
2016_1195_1423,0.378
2016_1195_1458,0.3352
2016_1124_1195,0.5993
2016_1195_1463,0.2859
2016_1195_1218,0.2616
2016_1195_1201,0.2108
2016_1195_1314,0.008
2016_1163_1195,0.7058
2016_1195_1401,0.1443
2016_1195_1452,0.0618
2016_1195_1455,0.0549
2016_1195_1242,0.0011
2016_1195_1403,0.4763
2016_1181_1195,0.8286
2016_1195_1386,0.1946
2016_1333_1438,0.0126
2016_1372_1438,0.0829
2016_1173_1438,0.0244
2016_1400_1438,0.0437
2016_1435_1438,0.0389
2016_1438_1453,0.9848
2016_1355_1438,0.0126
2016_1274_1438,0.431
2016_1344_1438,0.0837
2016_1323_1438,0.0277
2016_1396_1438,0.0208
2016_1393_1438,0.0853
2016_1112_1438,0.0713
2016_1122_1438,0.0179
2016_1160_1438,0.011
2016_1153_1438,0.02
2016_1138_1438,0.0044
2016_1277_1438,0.255
2016_1380_1438,0.006
2016_1143_1438,0.0131
2016_1421_1438,0.0269
2016_1371_1438,0.1153
2016_1328_1438,0.4629
2016_1192_1438,0.0088
2016_1139_1438,0.0661
2016_1433_1438,0.0207
2016_1276_1438,0.0502
2016_1234_1438,0.0361
2016_1231_1438,0.1291
2016_1423_1438,0.0256
2016_1438_1458,0.9695
2016_1124_1438,0.0257
2016_1438_1463,0.9586
2016_1218_1438,0.0434
2016_1201_1438,0.0572
2016_1314_1438,0.6588
2016_1163_1438,0.0412
2016_1401_1438,0.0842
2016_1438_1452,0.8085
2016_1438_1455,0.7808
2016_1242_1438,0.9313
2016_1403_1438,0.017
2016_1181_1438,0.0772
2016_1386_1438,0.0603
2016_1333_1372,0.1114
2016_1173_1333,0.6591
2016_1333_1400,0.2219
2016_1333_1435,0.2431
2016_1333_1453,0.4501
2016_1333_1355,0.4745
2016_1274_1333,0.9835
2016_1333_1344,0.1209
2016_1323_1333,0.6867
2016_1333_1396,0.377
2016_1333_1393,0.1187
2016_1112_1333,0.8585
2016_1122_1333,0.5867
2016_1160_1333,0.4643
2016_1153_1333,0.6146
2016_1138_1333,0.2597
2016_1277_1333,0.9643
2016_1333_1380,0.6532
2016_1143_1333,0.5083
2016_1333_1421,0.2955
2016_1333_1371,0.088
2016_1328_1333,0.9855
2016_1192_1333,0.4102
2016_1139_1333,0.8482
2016_1333_1433,0.3551
2016_1276_1333,0.8002
2016_1234_1333,0.7413
2016_1231_1333,0.9214
2016_1333_1423,0.3067
2016_1333_1458,0.2872
2016_1124_1333,0.6707
2016_1333_1463,0.2265
2016_1218_1333,0.7755
2016_1201_1333,0.8208
2016_1314_1333,0.9935
2016_1163_1333,0.7663
2016_1333_1401,0.1203
2016_1333_1452,0.0528
2016_1333_1455,0.0447
2016_1242_1333,1.0
2016_1333_1403,0.4247
2016_1181_1333,0.8687
2016_1333_1386,0.1502
2016_1173_1372,0.2124
2016_1372_1400,0.6715
2016_1372_1435,0.6972
2016_1372_1453,0.8668
2016_1355_1372,0.1215
2016_1274_1372,0.8828
2016_1344_1372,0.4759
2016_1323_1372,0.2162
2016_1372_1396,0.8118
2016_1372_1393,0.4912
2016_1112_1372,0.4329
2016_1122_1372,0.165
2016_1160_1372,0.0984
2016_1153_1372,0.1663
2016_1138_1372,0.0484
2016_1277_1372,0.7728
2016_1372_1380,0.9374
2016_1143_1372,0.1152
2016_1372_1421,0.7692
2016_1371_1372,0.5644
2016_1328_1372,0.8956
2016_1192_1372,0.0883
2016_1139_1372,0.4131
2016_1372_1433,0.8126
2016_1276_1372,0.3382
2016_1234_1372,0.2651
2016_1231_1372,0.5964
2016_1372_1423,0.7785
2016_1372_1458,0.7428
2016_1124_1372,0.2041
2016_1372_1463,0.6994
2016_1218_1372,0.3288
2016_1201_1372,0.3907
2016_1314_1372,0.9505
2016_1163_1372,0.2921
2016_1372_1401,0.4949
2016_1372_1452,0.277
2016_1372_1455,0.2443
2016_1242_1372,0.9926
2016_1372_1403,0.841
2016_1181_1372,0.4541
2016_1372_1386,0.5845
2016_1173_1400,0.3583
2016_1173_1435,0.385
2016_1173_1453,0.6409
2016_1173_1355,0.6601
2016_1173_1274,0.0321
2016_1173_1344,0.2107
2016_1173_1323,0.4677
2016_1173_1396,0.5387
2016_1173_1393,0.2072
2016_1112_1173,0.7381
2016_1122_1173,0.4222
2016_1160_1173,0.2872
2016_1153_1173,0.4244
2016_1138_1173,0.1531
2016_1173_1277,0.0665
2016_1173_1380,0.8021
2016_1143_1173,0.3283
2016_1173_1421,0.4744
2016_1173_1371,0.1577
2016_1173_1328,0.0282
2016_1173_1192,0.735
2016_1139_1173,0.7219
2016_1173_1433,0.5399
2016_1173_1276,0.3283
2016_1173_1234,0.4025
2016_1173_1231,0.1413
2016_1173_1423,0.4876
2016_1173_1458,0.4389
2016_1124_1173,0.4864
2016_1173_1463,0.3874
2016_1173_1218,0.3599
2016_1173_1201,0.296
2016_1173_1314,0.0126
2016_1163_1173,0.6048
2016_1173_1401,0.2097
2016_1173_1452,0.094
2016_1173_1455,0.0805
2016_1173_1242,0.0018
2016_1173_1403,0.5893
2016_1173_1181,0.2257
2016_1173_1386,0.2755
2016_1400_1435,0.5287
2016_1400_1453,0.7408
2016_1355_1400,0.2211
2016_1274_1400,0.9448
2016_1344_1400,0.6738
2016_1323_1400,0.3865
2016_1396_1400,0.3207
2016_1393_1400,0.6784
2016_1112_1400,0.6373
2016_1122_1400,0.2886
2016_1160_1400,0.1988
2016_1153_1400,0.3121
2016_1138_1400,0.0913
2016_1277_1400,0.8857
2016_1380_1400,0.1198
2016_1143_1400,0.2284
2016_1400_1421,0.5951
2016_1371_1400,0.7465
2016_1328_1400,0.9512
2016_1192_1400,0.1658
2016_1139_1400,0.6168
2016_1400_1433,0.6558
2016_1276_1400,0.5342
2016_1234_1400,0.4507
2016_1231_1400,0.7702
2016_1400_1423,0.6083
2016_1400_1458,0.585
2016_1124_1400,0.3699
2016_1400_1463,0.5057
2016_1218_1400,0.5
2016_1201_1400,0.5675
2016_1314_1400,0.9776
2016_1163_1400,0.4842
2016_1400_1401,0.3232
2016_1400_1452,0.1574
2016_1400_1455,0.1361
2016_1242_1400,0.9967
2016_1400_1403,0.7204
2016_1181_1400,0.6542
2016_1386_1400,0.5924
2016_1435_1453,0.7173
2016_1355_1435,0.2423
2016_1274_1435,0.9507
2016_1344_1435,0.6994
2016_1323_1435,0.4144
2016_1396_1435,0.3495
2016_1393_1435,0.7037
2016_1112_1435,0.6615
2016_1122_1435,0.3136
2016_1160_1435,0.2184
2016_1153_1435,0.3411
2016_1138_1435,0.1016
2016_1277_1435,0.8972
2016_1380_1435,0.1329
2016_1143_1435,0.25
2016_1421_1435,0.408
2016_1371_1435,0.7684
2016_1328_1435,0.9564
2016_1192_1435,0.1829
2016_1139_1435,0.6466
2016_1433_1435,0.3485
2016_1276_1435,0.5637
2016_1234_1435,0.4802
2016_1231_1435,0.7905
2016_1423_1435,0.3955
2016_1435_1458,0.5555
2016_1124_1435,0.3971
2016_1435_1463,0.476
2016_1218_1435,0.5269
2016_1201_1435,0.597
2016_1314_1435,0.9801
2016_1163_1435,0.5139
2016_1401_1435,0.7006
2016_1435_1452,0.1422
2016_1435_1455,0.1227
2016_1242_1435,0.9971
2016_1403_1435,0.3025
2016_1181_1435,0.6805
2016_1386_1435,0.6221
2016_1355_1453,0.4745
2016_1274_1453,0.98
2016_1344_1453,0.8557
2016_1323_1453,0.6466
2016_1396_1453,0.5755
2016_1393_1453,0.8583
2016_1112_1453,0.8328
2016_1122_1453,0.5634
2016_1160_1453,0.4162
2016_1153_1453,0.5657
2016_1138_1453,0.2421
2016_1277_1453,0.9569
2016_1380_1453,0.302
2016_1143_1453,0.4593
2016_1421_1453,0.6602
2016_1371_1453,0.8943
2016_1328_1453,0.9824
2016_1192_1453,0.3882
2016_1139_1453,0.8211
2016_1433_1453,0.5999
2016_1276_1453,0.7669
2016_1234_1453,0.7018
2016_1231_1453,0.9059
2016_1423_1453,0.6482
2016_1453_1458,0.3068
2016_1124_1453,0.6282
2016_1453_1463,0.2628
2016_1218_1453,0.7587
2016_1201_1453,0.8066
2016_1314_1453,0.9921
2016_1163_1453,0.7292
2016_1401_1453,0.8565
2016_1452_1453,0.9385
2016_1453_1455,0.049
2016_1242_1453,1.0
2016_1403_1453,0.5249
2016_1181_1453,0.8445
2016_1386_1453,0.8218
2016_1274_1355,0.9819
2016_1344_1355,0.8675
2016_1323_1355,0.6651
2016_1355_1396,0.3759
2016_1355_1393,0.1182
2016_1112_1355,0.8461
2016_1122_1355,0.5878
2016_1160_1355,0.44
2016_1153_1355,0.5901
2016_1138_1355,0.2606
2016_1277_1355,0.9608
2016_1355_1380,0.6751
2016_1143_1355,0.4838
2016_1355_1421,0.3164
2016_1355_1371,0.0876
2016_1328_1355,0.984
2016_1192_1355,0.4113
2016_1139_1355,0.8351
2016_1355_1433,0.377
2016_1276_1355,0.784
2016_1234_1355,0.722
2016_1231_1355,0.914
2016_1355_1423,0.3315
2016_1355_1458,0.2863
2016_1124_1355,0.6487
2016_1355_1463,0.2442
2016_1218_1355,0.7763
2016_1201_1355,0.8215
2016_1314_1355,0.9928
2016_1163_1355,0.7482
2016_1355_1401,0.1198
2016_1355_1452,0.0526
2016_1355_1455,0.0445
2016_1242_1355,1.0
2016_1355_1403,0.4236
2016_1181_1355,0.857
2016_1355_1386,0.1632
2016_1274_1344,0.8921
2016_1274_1323,0.9645
2016_1274_1396,0.9731
2016_1274_1393,0.89
2016_1112_1274,0.0918
2016_1122_1274,0.0236
2016_1160_1274,0.0144
2016_1153_1274,0.0263
2016_1138_1274,0.0058
2016_1274_1277,0.6878
2016_1274_1380,0.9912
2016_1143_1274,0.0172
2016_1274_1421,0.9618
2016_1274_1371,0.8528
2016_1274_1328,0.4667
2016_1192_1274,0.0116
2016_1139_1274,0.0852
2016_1274_1433,0.9704
2016_1274_1276,0.937
2016_1234_1274,0.0473
2016_1231_1274,0.1632
2016_1274_1423,0.9637
2016_1274_1458,0.9603
2016_1124_1274,0.0338
2016_1274_1463,0.9462
2016_1218_1274,0.0567
2016_1201_1274,0.0709
2016_1274_1314,0.2808
2016_1163_1274,0.0539
2016_1274_1401,0.8915
2016_1274_1452,0.7623
2016_1274_1455,0.7302
2016_1242_1274,0.9469
2016_1274_1403,0.9779
2016_1181_1274,0.0992
2016_1274_1386,0.914
2016_1323_1344,0.2323
2016_1344_1396,0.8134
2016_1344_1393,0.4938
2016_1112_1344,0.4556
2016_1122_1344,0.1636
2016_1160_1344,0.1069
2016_1153_1344,0.1795
2016_1138_1344,0.0479
2016_1277_1344,0.7886
2016_1344_1380,0.9318
2016_1143_1344,0.1249
2016_1344_1421,0.7524
2016_1344_1371,0.4116
2016_1328_1344,0.9039
2016_1192_1344,0.0875
2016_1139_1344,0.4355
2016_1344_1433,0.798
2016_1276_1344,0.3581
2016_1234_1344,0.2835
2016_1231_1344,0.6194
2016_1344_1423,0.7621
2016_1344_1458,0.7448
2016_1124_1344,0.2195
2016_1344_1463,0.6796
2016_1218_1344,0.3229
2016_1201_1344,0.3883
2016_1314_1344,0.9547
2016_1163_1344,0.3116
2016_1344_1401,0.5
2016_1344_1452,0.2791
2016_1344_1455,0.2463
2016_1242_1344,0.9933
2016_1344_1403,0.8424
2016_1181_1344,0.4771
2016_1344_1386,0.5616
2016_1323_1396,0.5699
2016_1323_1393,0.2286
2016_1112_1323,0.7337
2016_1122_1323,0.3925
2016_1160_1323,0.2826
2016_1153_1323,0.419
2016_1138_1323,0.1375
2016_1277_1323,0.9248
2016_1323_1380,0.8056
2016_1143_1323,0.3197
2016_1323_1421,0.48
2016_1323_1371,0.175
2016_1323_1328,0.0319
2016_1192_1323,0.2399
2016_1139_1323,0.7174
2016_1323_1433,0.5455
2016_1276_1323,0.6454
2016_1234_1323,0.5658
2016_1231_1323,0.8419
2016_1323_1423,0.4932
2016_1323_1458,0.4699
2016_1124_1323,0.4808
2016_1323_1463,0.3926
2016_1218_1323,0.6122
2016_1201_1323,0.6755
2016_1314_1323,0.9858
2016_1163_1323,0.5993
2016_1323_1401,0.2313
2016_1323_1452,0.1052
2016_1323_1455,0.0903
2016_1242_1323,1.0
2016_1323_1403,0.6205
2016_1181_1323,0.7502
2016_1323_1386,0.28
2016_1393_1396,0.8166
2016_1112_1396,0.7855
2016_1122_1396,0.4612
2016_1160_1396,0.3463
2016_1153_1396,0.4891
2016_1138_1396,0.1749
2016_1277_1396,0.9424
2016_1380_1396,0.2231
2016_1143_1396,0.3855
2016_1396_1421,0.4102
2016_1371_1396,0.8615
2016_1328_1396,0.9763
2016_1192_1396,0.2955
2016_1139_1396,0.7714
2016_1396_1433,0.4745
2016_1276_1396,0.7076
2016_1234_1396,0.6367
2016_1231_1396,0.8762
2016_1396_1423,0.4229
2016_1396_1458,0.4007
2016_1124_1396,0.5518
2016_1396_1463,0.3301
2016_1218_1396,0.676
2016_1201_1396,0.7345
2016_1314_1396,0.9893
2016_1163_1396,0.6645
2016_1396_1401,0.1846
2016_1396_1452,0.0813
2016_1396_1455,0.0695
2016_1242_1396,1.0
2016_1396_1403,0.5498
2016_1181_1396,0.7997
2016_1386_1396,0.7537
2016_1112_1393,0.4505
2016_1122_1393,0.1608
2016_1160_1393,0.1049
2016_1153_1393,0.1765
2016_1138_1393,0.047
2016_1277_1393,0.7851
2016_1380_1393,0.0604
2016_1143_1393,0.1227
2016_1393_1421,0.7562
2016_1371_1393,0.5822
2016_1328_1393,0.9021
2016_1192_1393,0.0858
2016_1139_1393,0.4304
2016_1393_1433,0.8014
2016_1276_1393,0.3536
2016_1234_1393,0.2793
2016_1231_1393,0.6142
2016_1393_1423,0.7659
2016_1393_1458,0.7487
2016_1124_1393,0.216
2016_1393_1463,0.6841
2016_1218_1393,0.3183
2016_1201_1393,0.3835
2016_1314_1393,0.9538
2016_1163_1393,0.3072
2016_1393_1401,0.5
2016_1393_1452,0.2833
2016_1393_1455,0.2502
2016_1242_1393,0.9931
2016_1393_1403,0.8452
2016_1181_1393,0.4718
2016_1386_1393,0.4069
2016_1112_1122,0.7936
2016_1112_1160,0.8746
2016_1112_1153,0.7921
2016_1112_1138,0.9396
2016_1112_1277,0.1826
2016_1112_1380,0.9199
2016_1112_1143,0.8539
2016_1112_1421,0.7185
2016_1112_1371,0.3713
2016_1112_1328,0.0815
2016_1112_1192,0.8871
2016_1112_1139,0.5195
2016_1112_1433,0.7685
2016_1112_1276,0.6021
2016_1112_1234,0.6781
2016_1112_1231,0.3431
2016_1112_1423,0.7291
2016_1112_1458,0.7103
2016_1112_1124,0.7477
2016_1112_1463,0.644
2016_1112_1218,0.6134
2016_1112_1201,0.5432
2016_1112_1314,0.0393
2016_1112_1163,0.6481
2016_1112_1401,0.4542
2016_1112_1452,0.2455
2016_1112_1455,0.2154
2016_1112_1242,0.0057
2016_1112_1403,0.8178
2016_1112_1181,0.4775
2016_1112_1386,0.5182
2016_1122_1160,0.6213
2016_1122_1153,0.471
2016_1122_1138,0.8009
2016_1122_1277,0.0516
2016_1122_1380,0.748
2016_1122_1143,0.5774
2016_1122_1421,0.3987
2016_1122_1371,0.1206
2016_1122_1328,0.0207
2016_1122_1192,0.6702
2016_1122_1139,0.2017
2016_1122_1433,0.4624
2016_1122_1276,0.2605
2016_1122_1234,0.3333
2016_1122_1231,0.1076
2016_1122_1423,0.4112
2016_1122_1458,0.366
2016_1122_1124,0.4096
2016_1122_1463,0.3159
2016_1122_1218,0.2901
2016_1122_1201,0.2355
2016_1122_1314,0.0093
2016_1122_1163,0.3009
2016_1122_1401,0.1628
2016_1122_1452,0.0707
2016_1122_1455,0.0603
2016_1122_1242,0.0013
2016_1122_1403,0.5119
2016_1122_1181,0.176
2016_1122_1386,0.2179
2016_1153_1160,0.6455
2016_1138_1160,0.2873
2016_1160_1277,0.0318
2016_1160_1380,0.6229
2016_1143_1160,0.543
2016_1160_1421,0.2674
2016_1160_1371,0.0774
2016_1160_1328,0.0127
2016_1160_1192,0.5287
2016_1139_1160,0.8653
2016_1160_1433,0.3219
2016_1160_1276,0.1773
2016_1160_1234,0.2315
2016_1160_1231,0.0687
2016_1160_1423,0.2779
2016_1160_1458,0.2596
2016_1124_1160,0.7007
2016_1160_1463,0.2031
2016_1160_1218,0.184
2016_1160_1201,0.1453
2016_1160_1314,0.0057
2016_1160_1163,0.2085
2016_1160_1401,0.1063
2016_1160_1452,0.0461
2016_1160_1455,0.039
2016_1160_1242,0.0008
2016_1160_1403,0.3917
2016_1160_1181,0.1156
2016_1160_1386,0.1333
2016_1138_1153,0.1807
2016_1153_1277,0.0576
2016_1153_1380,0.7498
2016_1143_1153,0.3946
2016_1153_1421,0.4008
2016_1153_1371,0.133
2016_1153_1328,0.0231
2016_1153_1192,0.6723
2016_1139_1153,0.7783
2016_1153_1433,0.4646
2016_1153_1276,0.2827
2016_1153_1234,0.3573
2016_1153_1231,0.1189
2016_1153_1423,0.4134
2016_1153_1458,0.3914
2016_1124_1153,0.5616
2016_1153_1463,0.3179
2016_1153_1218,0.2919
2016_1153_1201,0.2372
2016_1153_1314,0.0104
2016_1153_1163,0.3286
2016_1153_1401,0.1787
2016_1153_1452,0.0784
2016_1153_1455,0.067
2016_1153_1242,0.0015
2016_1153_1403,0.5399
2016_1153_1181,0.1929
2016_1153_1386,0.2195
2016_1138_1277,0.0129
2016_1138_1380,0.4239
2016_1138_1143,0.2526
2016_1138_1421,0.1407
2016_1138_1371,0.0338
2016_1138_1328,0.0051
2016_1138_1192,0.3379
2016_1138_1139,0.0615
2016_1138_1433,0.1756
2016_1138_1276,0.0802
2016_1138_1234,0.1087
2016_1138_1231,0.0297
2016_1138_1423,0.1472
2016_1138_1458,0.1243
2016_1124_1138,0.8393
2016_1138_1463,0.1026
2016_1138_1218,0.0919
2016_1138_1201,0.0709
2016_1138_1314,0.0023
2016_1138_1163,0.0963
2016_1138_1401,0.0477
2016_1138_1452,0.0188
2016_1138_1455,0.0159
2016_1138_1242,0.0003
2016_1138_1403,0.2062
2016_1138_1181,0.0522
2016_1138_1386,0.0645
2016_1277_1380,0.9808
2016_1143_1277,0.0379
2016_1277_1421,0.9193
2016_1277_1371,0.7235
2016_1277_1328,0.2835
2016_1192_1277,0.0255
2016_1139_1277,0.1707
2016_1277_1433,0.9368
2016_1276_1277,0.1287
2016_1234_1277,0.0955
2016_1231_1277,0.3014
2016_1277_1423,0.9232
2016_1277_1458,0.9163
2016_1124_1277,0.0699
2016_1277_1463,0.8884
2016_1218_1277,0.1129
2016_1201_1277,0.1445
2016_1277_1314,0.1501
2016_1163_1277,0.1078
2016_1277_1401,0.7877
2016_1277_1452,0.5925
2016_1277_1455,0.5504
2016_1242_1277,0.9752
2016_1277_1403,0.9524
2016_1181_1277,0.1959
2016_1277_1386,0.8275
2016_1143_1380,0.6616
2016_1380_1421,0.1816
2016_1371_1380,0.9512
2016_1328_1380,0.9923
2016_1192_1380,0.5933
2016_1139_1380,0.9136
2016_1380_1433,0.2239
2016_1276_1380,0.8835
2016_1234_1380,0.8443
2016_1231_1380,0.9568
2016_1380_1423,0.1896
2016_1380_1458,0.1613
2016_1124_1380,0.7939
2016_1380_1463,0.1341
2016_1218_1380,0.8788
2016_1201_1380,0.9058
2016_1314_1380,0.9965
2016_1163_1380,0.8612
2016_1380_1401,0.0612
2016_1380_1452,0.0254
2016_1380_1455,0.0215
2016_1242_1380,1.0
2016_1380_1403,0.2603
2016_1181_1380,0.926
2016_1380_1386,0.0855
2016_1143_1421,0.3034
2016_1143_1371,0.091
2016_1143_1328,0.0151
2016_1143_1192,0.5726
2016_1139_1143,0.8434
2016_1143_1433,0.3633
2016_1143_1276,0.2046
2016_1143_1234,0.2644
2016_1143_1231,0.0809
2016_1143_1423,0.3147
2016_1143_1458,0.2949
2016_1124_1143,0.6625
2016_1143_1463,0.2332
2016_1143_1218,0.212
2016_1143_1201,0.1687
2016_1143_1314,0.0068
2016_1143_1163,0.2391
2016_1143_1401,0.1243
2016_1143_1452,0.0547
2016_1143_1455,0.0464
2016_1143_1242,0.001
2016_1143_1403,0.4338
2016_1143_1181,0.1349
2016_1143_1386,0.155
2016_1371_1421,0.8125
2016_1328_1421,0.9663
2016_1192_1421,0.2448
2016_1139_1421,0.7017
2016_1421_1433,0.5645
2016_1276_1421,0.6302
2016_1234_1421,0.5469
2016_1231_1421,0.8314
2016_1421_1423,0.5123
2016_1421_1458,0.4633
2016_1124_1421,0.4618
2016_1421_1463,0.4106
2016_1218_1421,0.6189
2016_1201_1421,0.6813
2016_1314_1421,0.9847
2016_1163_1421,0.5803
2016_1401_1421,0.7535
2016_1421_1452,0.1028
2016_1421_1455,0.0881
2016_1242_1421,1.0
2016_1403_1421,0.3634
2016_1181_1421,0.7356
2016_1386_1421,0.7027
2016_1328_1371,0.8683
2016_1192_1371,0.063
2016_1139_1371,0.3532
2016_1371_1433,0.8494
2016_1276_1371,0.2794
2016_1234_1371,0.2172
2016_1231_1371,0.5312
2016_1371_1423,0.8205
2016_1371_1458,0.8063
2016_1124_1371,0.1648
2016_1371_1463,0.7516
2016_1218_1371,0.2506
2016_1201_1371,0.3072
2016_1314_1371,0.9366
2016_1163_1371,0.2409
2016_1371_1401,0.5859
2016_1371_1452,0.3578
2016_1371_1455,0.3178
2016_1242_1371,0.9904
2016_1371_1403,0.8841
2016_1181_1371,0.3909
2016_1371_1386,0.6461
2016_1192_1328,0.0102
2016_1139_1328,0.0756
2016_1328_1433,0.9739
2016_1276_1328,0.0578
2016_1234_1328,0.0416
2016_1231_1328,0.1463
2016_1328_1423,0.968
2016_1328_1458,0.965
2016_1124_1328,0.0297
2016_1328_1463,0.9524
2016_1218_1328,0.05
2016_1201_1328,0.0628
2016_1314_1328,0.6906
2016_1163_1328,0.0475
2016_1328_1401,0.9034
2016_1328_1452,0.785
2016_1328_1455,0.755
2016_1242_1328,0.94
2016_1328_1403,0.9805
2016_1181_1328,0.0882
2016_1328_1386,0.9236
2016_1139_1192,0.8786
2016_1192_1433,0.2965
2016_1192_1276,0.1472
2016_1192_1234,0.1944
2016_1192_1231,0.0582
2016_1192_1423,0.2547
2016_1192_1458,0.2193
2016_1124_1192,0.725
2016_1192_1463,0.1845
2016_1192_1218,0.1668
2016_1192_1201,0.1312
2016_1192_1314,0.0045
2016_1163_1192,0.8093
2016_1192_1401,0.087
2016_1192_1452,0.037
2016_1192_1455,0.0313
2016_1192_1242,0.0006
2016_1192_1403,0.3424
2016_1181_1192,0.8955
2016_1192_1386,0.1202
2016_1139_1433,0.7536
2016_1139_1276,0.5818
2016_1139_1234,0.66
2016_1139_1231,0.3222
2016_1139_1423,0.7126
2016_1139_1458,0.6931
2016_1124_1139,0.2665
2016_1139_1463,0.6234
2016_1139_1218,0.593
2016_1139_1201,0.5228
2016_1139_1314,0.0363
2016_1139_1163,0.6316
2016_1139_1401,0.4341
2016_1139_1452,0.2306
2016_1139_1455,0.2019
2016_1139_1242,0.0052
2016_1139_1403,0.8053
2016_1139_1181,0.4571
2016_1139_1386,0.5
2016_1276_1433,0.6869
2016_1234_1433,0.6121
2016_1231_1433,0.8652
2016_1423_1433,0.5513
2016_1433_1458,0.3995
2016_1124_1433,0.5274
2016_1433_1463,0.3508
2016_1218_1433,0.6771
2016_1201_1433,0.7355
2016_1314_1433,0.9882
2016_1163_1433,0.6459
2016_1401_1433,0.799
2016_1433_1452,0.0809
2016_1433_1455,0.0692
2016_1242_1433,1.0
2016_1403_1433,0.4244
2016_1181_1433,0.7835
2016_1386_1433,0.7546
2016_1234_1276,0.4164
2016_1231_1276,0.7443
2016_1276_1423,0.6435
2016_1276_1458,0.6201
2016_1124_1276,0.3393
2016_1276_1463,0.5408
2016_1218_1276,0.4621
2016_1201_1276,0.5325
2016_1276_1314,0.0261
2016_1163_1276,0.4492
2016_1276_1401,0.3568
2016_1276_1452,0.1769
2016_1276_1455,0.1535
2016_1242_1276,0.9962
2016_1276_1403,0.7478
2016_1181_1276,0.6236
2016_1276_1386,0.4158
2016_1231_1234,0.8027
2016_1234_1423,0.5601
2016_1234_1458,0.5369
2016_1124_1234,0.4149
2016_1234_1463,0.4573
2016_1218_1234,0.5456
2016_1201_1234,0.6157
2016_1234_1314,0.0187
2016_1163_1234,0.5326
2016_1234_1401,0.2823
2016_1234_1452,0.1333
2016_1234_1455,0.1149
2016_1234_1242,0.0027
2016_1234_1403,0.6797
2016_1181_1234,0.6967
2016_1234_1386,0.34
2016_1231_1423,0.8387
2016_1231_1458,0.8257
2016_1124_1231,0.1478
2016_1231_1463,0.7748
2016_1218_1231,0.2272
2016_1201_1231,0.2805
2016_1231_1314,0.071
2016_1163_1231,0.2182
2016_1231_1401,0.618
2016_1231_1452,0.3867
2016_1231_1455,0.3489
2016_1231_1242,0.0109
2016_1231_1403,0.8967
2016_1181_1231,0.3618
2016_1231_1386,0.675
2016_1423_1458,0.4501
2016_1124_1423,0.475
2016_1423_1463,0.3981
2016_1218_1423,0.6322
2016_1201_1423,0.6927
2016_1314_1423,0.9854
2016_1163_1423,0.5935
2016_1401_1423,0.7632
2016_1423_1452,0.098
2016_1423_1455,0.084
2016_1242_1423,1.0
2016_1403_1423,0.3753
2016_1181_1423,0.7458
2016_1386_1423,0.7137
2016_1124_1458,0.4518
2016_1458_1463,0.4202
2016_1218_1458,0.5832
2016_1201_1458,0.6494
2016_1314_1458,0.984
2016_1163_1458,0.5703
2016_1401_1458,0.7459
2016_1452_1458,0.8826
2016_1455_1458,0.8991
2016_1242_1458,1.0
2016_1403_1458,0.3546
2016_1181_1458,0.7277
2016_1386_1458,0.672
2016_1124_1463,0.3759
2016_1124_1218,0.3489
2016_1124_1201,0.2856
2016_1124_1314,0.0133
2016_1124_1163,0.3834
2016_1124_1401,0.2185
2016_1124_1452,0.0986
2016_1124_1455,0.0845
2016_1124_1242,0.0019
2016_1124_1403,0.6023
2016_1124_1181,0.235
2016_1124_1386,0.2655
2016_1218_1463,0.5296
2016_1201_1463,0.5997
2016_1314_1463,0.9782
2016_1163_1463,0.4908
2016_1401_1463,0.6809
2016_1452_1463,0.8452
2016_1455_1463,0.8662
2016_1242_1463,0.9968
2016_1403_1463,0.2834
2016_1181_1463,0.6602
2016_1386_1463,0.6247
2016_1201_1218,0.5693
2016_1218_1314,0.0225
2016_1163_1218,0.4604
2016_1218_1401,0.3216
2016_1218_1452,0.1564
2016_1218_1455,0.1353
2016_1218_1242,0.0032
2016_1218_1403,0.7189
2016_1181_1218,0.6349
2016_1218_1386,0.405
2016_1201_1314,0.0298
2016_1163_1201,0.3922
2016_1201_1401,0.3869
2016_1201_1452,0.1973
2016_1201_1455,0.1718
2016_1201_1242,0.0043
2016_1201_1403,0.7723
2016_1181_1201,0.5647
2016_1201_1386,0.4739
2016_1163_1314,0.0214
2016_1314_1401,0.9544
2016_1314_1452,0.8912
2016_1314_1455,0.8736
2016_1242_1314,0.8748
2016_1314_1403,0.9912
2016_1181_1314,0.0428
2016_1314_1386,0.9644
2016_1163_1401,0.3104
2016_1163_1452,0.1496
2016_1163_1455,0.1293
2016_1163_1242,0.0031
2016_1163_1403,0.7082
2016_1163_1181,0.3341
2016_1163_1386,0.3693
2016_1401_1452,0.2803
2016_1401_1455,0.2474
2016_1242_1401,0.9932
2016_1401_1403,0.8432
2016_1181_1401,0.4756
2016_1386_1401,0.4105
2016_1452_1455,0.4567
2016_1242_1452,0.9829
2016_1403_1452,0.0673
2016_1181_1452,0.2618
2016_1386_1452,0.2137
2016_1242_1455,0.9797
2016_1403_1455,0.06
2016_1181_1455,0.2303
2016_1386_1455,0.1866
2016_1242_1403,1.0
2016_1181_1242,0.0062
2016_1242_1386,0.9947
2016_1181_1403,0.8304
2016_1386_1403,0.7895
2016_1181_1386,0.5397
