STH,STF,KPK,BOB,CJB,WLK,DII,BUR,TMR,BBT,Rank,Team,Conf,SEL,BIH,SAG,DOL,MvG,PGH,COL,MAS,EBP,POM,DUN,DOK,RTH,WOL,KRA,SPR,WOB,WIL,SP,TPR,GRS,BLS,CPA,RT,RPI,CRO,RTR,REW,CNG,DC,PPR,TRP,WMR,ADE,LMC,RTB,DCI,SE,RTP,MSX,STS,MOR,PIG,7OT,SFX,KBM,UPS,SPW,CPR,NOL,TW,season,win_pct
2,3,1,2,1,3,1,1,2,3,1,Florida,SEC,1,2,3,1,1,1,1,1,2,3,2,3,2,2,2,2,1,1,3,3,2,4,4,5,1.0,2,1,1,4,2.0,3,3,3,1,3,1,2.0,2,1,2,1.0,2,3,3,2,1,2.0,2,10,2.0,1,2014,0.9411764705882353
1,1,2,1,2,1,3,2,3,2,2,Arizona,P12,2,3,1,3,2,2,2,4,1,1,3,2,3,3,3,1,2,3,2,1,1,2,2,2,2.0,1,2,3,2,1.0,2,2,2,2,2,2,6.0,3,3,1,3.0,4,2,2,3,3,1.0,3,2,5.0,3,2014,0.8823529411764706
4,5,4,4,4,5,4,6,4,6,3,Villanova,BE,3,4,4,4,3,4,4,8,7,7,9,7,4,4,4,4,4,4,7,7,4,6,6,8,5.0,3,5,4,8,5.0,6,7,11,10,9,3,7.0,4,4,5,4.0,6,10,13,8,14,6.0,4,11,6.0,5,2014,0.875
3,8,6,14,11,11,2,5,1,1,4,Wichita St,MVC,4,1,12,2,4,3,3,2,3,5,4,9,1,1,1,3,3,2,17,5,11,18,18,9,4.0,8,4,2,18,10.0,19,17,12,8,5,4,4.0,1,2,3,2.0,12,4,7,5,9,3.0,1,5,1.0,2,2014,1.0
6,2,3,11,3,2,7,3,6,4,5,Louisville,AAC,9,12,2,13,15,16,16,5,4,2,1,1,8,11,11,7,15,16,1,2,9,1,1,1,19.0,9,20,8,1,19.0,1,1,1,3,1,18,1.0,9,5,6,8.0,1,1,9,1,2,4.0,10,15,3.0,4,2014,0.8529411764705882
5,4,5,3,6,4,5,7,7,7,6,Kansas,B12,5,10,6,12,5,5,5,14,5,8,5,5,6,8,6,8,6,6,4,4,3,3,3,3,3.0,14,3,17,3,3.0,4,5,4,4,4,5,12.0,16,10,7,5.0,13,18,6,5,4,7.0,11,12,16.0,9,2014,0.7272727272727273
7,13,10,6,9,7,6,4,5,5,7,Virginia,ACC,6,5,5,6,9,8,9,3,6,4,7,4,7,7,9,13,9,9,5,6,14,14,13,6,8.0,5,9,7,13,12.0,10,11,5,7,8,9,3.0,6,6,9,6.0,3,5,4,4,5,5.0,7,4,9.0,13,2014,0.8235294117647058
9,9,11,5,8,9,9,11,11,11,8,Wisconsin,B10,14,7,9,7,6,7,7,11,11,13,10,12,13,13,8,5,7,8,12,9,6,13,12,11,6.0,10,6,9,11,7.0,11,9,10,5,11,7,17.0,7,12,4,10.0,9,11,5,5,12,8.0,6,1,15.0,12,2014,0.7878787878787878
10,11,8,8,10,8,14,8,13,8,9,Duke,ACC,12,15,7,14,13,14,14,12,8,6,6,6,9,15,14,12,14,12,6,8,7,5,5,4,9.0,12,8,14,5,13.0,5,4,6,16,6,13,10.0,14,7,14,7.0,8,19,1,14,13,13.0,14,8,17.0,7,2014,0.7647058823529411
8,6,9,12,5,6,12,9,12,10,10,Creighton,BE,11,13,11,16,10,12,10,17,15,9,8,11,11,12,12,10,11,12,10,11,8,8,7,7,10.0,6,11,11,7,11.0,8,8,13,13,7,10,19.0,24,15,8,12.0,10,21,12,17,11,12.0,17,9,11.0,8,2014,0.7878787878787878
15,12,12,10,13,13,13,14,9,20,11,Michigan,B10,10,11,10,8,11,10,13,10,23,15,12,13,15,10,10,6,10,10,11,14,13,11,11,10,11.0,7,10,13,12,4.0,15,13,8,6,16,12,13.0,8,9,17,9.0,7,14,20,8,10,26.0,19,14,24.0,17,2014,0.7575757575757576
11,10,13,7,12,10,15,12,14,9,12,Michigan St,B10,13,14,8,11,12,13,12,6,10,10,16,10,12,16,15,14,13,11,8,10,10,7,8,16,18.0,18,17,15,10,14.0,9,6,7,9,12,11,5.0,11,17,12,18.0,5,6,15,8,7,11.0,22,16,23.0,24,2014,0.7647058823529411
12,7,7,9,14,14,10,15,10,18,13,Iowa St,B12,7,8,13,5,7,6,6,7,14,23,18,16,10,9,13,9,12,6,15,18,5,12,14,24,7.0,11,7,10,15,6.0,14,19,19,11,19,6,9.0,13,13,13,13.0,20,9,40,17,23,14.0,15,13,27.0,11,2014,0.7878787878787878
14,17,16,13,7,18,8,13,8,12,14,Syracuse,ACC,8,6,19,9,8,9,8,15,13,14,13,22,5,5,5,15,5,5,22,13,12,23,22,28,16.0,13,16,6,22,8.0,21,21,16,14,24,8,35.0,5,11,16,14.0,21,36,14,33,20,26.0,9,6,12.0,6,2014,0.84375
13,14,14,16,15,12,17,10,15,13,15,UCLA,P12,16,17,15,17,14,15,15,9,16,18,15,8,14,17,25,11,23,15,16,12,17,15,15,15,14.0,15,15,19,14,9.0,7,16,17,20,10,14,8.0,25,27,10,26.0,11,7,19,8,21,20.0,20,25,21.0,27,2014,0.7647058823529411
20,19,15,17,17,22,11,23,16,19,16,San Diego St,MWC,15,9,22,10,20,11,11,13,21,21,17,28,16,6,7,16,8,12,24,26,23,25,29,34,15.0,4,14,5,27,17.0,27,26,23,17,25,15,25.0,10,8,15,11.0,30,13,31,14,26,15.0,5,3,7.0,20,2014,0.8787878787878788
18,15,17,15,19,19,23,18,26,22,17,Ohio St,B10,18,23,14,19,18,21,21,27,17,20,19,24,20,30,22,17,21,19,14,16,15,16,16,13,24.0,22,24,29,16,23.0,13,14,9,25,13,21,26.0,30,23,18,24.0,14,25,18,25,18,19.0,29,26,32.0,32,2014,0.7352941176470589
22,26,24,19,20,28,16,21,17,21,18,Cincinnati,AAC,17,16,28,15,22,19,19,20,25,24,14,27,17,14,16,18,16,17,29,24,29,27,28,23,21.0,20,21,12,26,21.0,25,27,24,15,23,19,28.0,22,14,29,17.0,25,24,26,25,33,16.0,13,17,20.0,18,2014,0.8181818181818182
25,30,22,30,25,31,18,29,19,23,19,New Mexico,MWC,23,18,31,20,16,17,17,16,26,28,22,31,27,19,19,28,17,20,31,31,37,36,35,29,12.0,16,12,18,39,27.0,34,31,31,19,28,16,11.0,15,16,20,15.0,28,12,11,14,15,9.0,8,28,14.0,22,2014,0.8181818181818182
17,18,18,18,22,16,22,20,27,16,20,Kentucky,SEC,19,28,18,25,26,25,22,25,9,17,25,19,19,33,27,30,25,23,18,20,16,17,17,12,17.0,25,18,37,17,25.0,16,15,21,23,15,20,27.0,33,26,19,29.0,26,26,8,17,30,22.0,25,24,31.0,31,2014,0.7058823529411765
16,23,19,29,24,21,29,16,18,14,21,VA Commonwealth,A10,29,20,23,32,19,29,24,22,18,12,29,18,30,21,31,21,31,32,23,19,25,24,23,21,13.0,19,13,23,25,28.0,28,23,25,21,21,27,16.0,20,22,26,16.0,17,20,16,17,16,41.0,21,44,22.0,26,2014,0.7647058823529411
28,25,25,21,26,29,19,27,21,29,22,Connecticut,AAC,21,19,24,18,28,22,26,18,28,26,11,21,24,20,20,20,22,27,25,30,24,22,24,19,22.0,24,22,20,23,18.0,30,20,26,12,26,30,22.0,19,21,31,19.0,16,22,24,25,38,25.0,23,29,29.0,10,2014,0.7647058823529411
21,20,20,28,18,20,28,28,29,17,23,Gonzaga,WCC,28,22,21,22,25,27,20,21,24,19,24,17,29,24,30,27,28,30,21,25,27,20,21,20,20.0,17,19,26,19,33.0,23,22,20,33,17,23,15.0,23,25,11,25.0,24,15,10,17,19,10.0,18,51,10.0,30,2014,0.8235294117647058
24,24,27,23,16,26,20,24,20,31,24,Oklahoma,B12,20,21,26,21,21,18,18,30,27,29,26,25,21,23,18,22,18,18,26,28,22,29,26,31,26.0,28,26,21,24,16.0,24,37,30,32,29,17,18.0,27,19,32,22.0,29,23,27,22,22,36.0,30,20,42.0,16,2014,0.71875
26,29,26,25,23,27,24,17,23,25,25,North Carolina,ACC,26,25,27,27,27,26,29,24,29,25,20,26,23,28,24,25,26,23,27,21,26,28,25,27,25.0,27,25,25,29,24.0,26,25,27,26,27,28,29.0,18,18,27,21.0,19,31,21,22,48,24.0,31,7,38.0,19,2014,0.71875
19,22,21,20,21,17,21,19,22,15,26,Pittsburgh,ACC,22,29,20,23,29,30,31,19,12,16,31,20,18,31,23,31,29,23,19,15,19,19,19,22,39.0,26,39,31,20,37.0,17,18,15,36,20,31,20.0,29,32,23,40.0,18,27,22,25,24,23.0,36,22,28.0,42,2014,0.7352941176470589
23,27,28,27,31,23,30,22,24,24,27,Oregon,P12,24,30,30,29,23,23,27,29,20,30,30,29,22,32,26,19,24,23,28,27,21,26,27,26,28.0,30,27,24,28,29.0,22,28,29,30,31,22,23.0,35,31,21,30.0,32,29,28,25,27,34.0,33,37,34.0,35,2014,0.71875
27,16,23,22,28,15,31,25,31,27,28,Oklahoma St,B12,30,37,16,37,37,34,37,38,19,22,36,15,26,39,33,24,35,33,9,22,18,9,9,14,45.0,43,45,46,6,47.0,12,12,14,28,14,34,24.0,43,54,22,48.0,23,16,37,8,8,43.0,60,27,56.0,21,2014,0.6363636363636364
30,28,30,24,33,30,26,30,25,39,29,Baylor,B12,25,27,29,26,32,20,28,26,34,31,23,30,25,27,28,32,30,20,30,32,20,30,30,35,30.0,37,28,33,31,15.0,29,29,28,27,33,24,14.0,26,29,37,35.0,27,17,49,22,36,48.0,40,23,52.0,34,2014,0.6857142857142857
29,32,32,33,30,35,27,33,30,30,30,St Louis,A10,31,24,36,30,24,28,23,33,30,34,33,41,34,18,17,39,19,29,40,35,34,43,43,32,27.0,21,31,16,45,20.0,44,41,34,22,39,29,61.0,12,20,34,20.0,49,70,25,62,49,21.0,16,33,13.0,23,2014,0.8125
31,31,33,31,27,25,37,26,38,28,31,Tennessee,SEC,39,51,25,53,49,42,48,42,31,11,32,14,33,53,45,40,44,43,20,23,35,21,20,18,42.0,49,42,56,21,44.0,20,24,22,43,22,43,21.0,55,46,25,51.0,15,8,17,8,6,35.0,58,41,50.0,48,2014,0.6363636363636364
32,21,29,26,35,24,42,31,39,32,32,Iowa,B10,36,44,17,41,48,47,52,49,22,27,21,23,31,50,42,23,45,39,13,17,31,10,10,17,56.0,53,62,50,9,46.0,18,10,18,35,18,50,67.0,49,48,24,59.0,22,57,38,25,17,42.0,76,18,60.0,37,2014,0.625
35,33,34,32,29,36,25,32,28,43,33,Texas,B12,27,26,39,24,30,24,30,31,45,37,28,38,28,26,21,26,20,20,38,41,32,40,41,57,36.0,38,37,27,42,30.0,38,56,40,29,42,25,50.0,34,28,39,38.0,55,41,43,35,57,57.0,41,21,55.0,25,2014,0.696969696969697
51,38,43,34,44,43,35,38,36,41,34,Memphis,AAC,41,35,41,28,41,39,35,37,43,40,34,43,37,37,34,35,37,38,42,36,39,37,40,30,37.0,40,36,30,35,36.0,36,32,37,34,35,36,41.0,41,24,57,23.0,39,53,35,52,52,28.0,37,30,47.0,15,2014,0.71875
33,34,31,37,32,40,32,44,40,37,35,Massachusetts,A10,32,31,47,33,17,31,25,41,32,50,62,53,40,25,29,34,27,30,48,39,28,47,46,41,23.0,23,23,28,50,22.0,52,52,63,18,40,26,82.0,31,39,41,27.0,64,80,36,73,69,38.0,28,36,41.0,47,2014,0.75
38,35,37,36,50,32,38,37,34,44,36,Stanford,P12,34,40,33,38,38,37,38,35,36,36,40,35,36,41,39,33,40,36,34,40,40,35,39,44,41.0,45,40,51,36,34.0,32,35,32,51,38,35,44.0,50,52,36,49.0,41,39,63,35,25,53.0,57,39,58.0,29,2014,0.6363636363636364
34,41,35,43,43,46,34,45,32,35,37,G Washington,A10,37,32,46,34,31,33,33,32,35,41,46,47,43,29,36,36,33,34,52,42,44,51,54,46,29.0,29,29,22,53,31.0,59,58,59,24,48,33,51.0,28,36,40,32.0,57,65,45,62,51,33.0,35,60,35.0,65,2014,0.75
40,42,46,39,34,33,45,34,46,33,38,SMU,AAC,45,45,32,47,57,52,50,59,33,32,27,32,44,46,46,41,51,49,35,29,47,33,36,38,53.0,48,55,41,33,49.0,35,36,41,37,30,52,56.0,46,34,44,28.0,44,49,47,35,44,30.0,48,55,40.0,14,2014,0.71875
39,40,36,55,45,39,52,47,49,26,39,Harvard,Ivy,57,33,35,36,47,59,47,39,37,33,39,34,62,34,55,59,53,62,37,33,66,41,49,39,46.0,35,46,35,48,56.0,54,33,38,44,43,61,38.0,21,30,30,39.0,37,33,42,33,40,17.0,32,49,8.0,33,2014,0.8666666666666667
36,44,40,45,37,45,36,35,33,52,40,Providence,BE,40,36,45,35,35,35,36,23,48,48,50,45,42,38,38,43,36,37,45,46,38,48,48,48,40.0,42,41,44,49,41.0,50,45,52,38,37,39,30.0,36,40,56,47.0,33,28,66,35,61,78.0,54,46,67.0,51,2014,0.6764705882352942
41,36,42,35,53,34,39,46,37,45,41,Arizona St,P12,35,39,37,40,40,38,39,54,40,47,42,39,35,42,35,29,34,35,36,52,33,34,31,36,44.0,47,47,42,38,40.0,31,38,42,48,57,41,52.0,51,53,35,45.0,59,58,50,62,42,64.0,59,35,63.0,41,2014,0.65625
42,51,39,52,41,51,41,42,42,48,42,St Joseph's PA,A10,43,41,56,39,33,36,34,28,53,49,47,49,52,36,53,55,52,41,60,50,56,65,65,49,32.0,32,32,34,64,26.0,64,65,61,31,52,38,33.0,32,33,45,37.0,35,35,23,42,37,52.0,38,38,37.0,63,2014,0.7272727272727273
44,45,44,38,39,47,33,54,35,54,43,Colorado,P12,33,34,55,31,34,32,32,40,52,63,52,56,32,35,32,38,32,28,58,59,30,54,51,50,34.0,44,35,38,55,35.0,46,53,54,41,55,32,65.0,40,43,48,42.0,72,69,56,73,68,55.0,45,32,61.0,44,2014,0.6764705882352942
43,37,45,49,48,50,53,53,51,42,44,BYU,WCC,53,47,42,51,43,46,45,50,42,45,49,42,54,49,56,48,50,52,41,45,42,38,37,37,31.0,36,30,58,37,43.0,45,47,49,53,32,44,48.0,37,47,28,41.0,48,46,33,52,64,37.0,42,59,51.0,52,2014,0.6764705882352942
53,47,49,40,40,49,44,40,43,57,45,Kansas St,B12,38,43,40,49,42,40,42,58,47,43,41,40,41,47,37,45,38,39,39,49,46,44,47,54,51.0,55,50,47,43,38.0,40,54,35,47,49,37,45.0,38,62,52,54.0,53,45,46,42,43,60.0,63,43,84.0,28,2014,0.625
48,39,38,56,47,48,63,51,65,36,46,Louisiana Tech,CUSA,63,59,34,62,60,67,62,55,51,35,37,33,66,58,66,44,62,70,33,44,61,32,33,25,62.0,46,58,39,30,65.0,43,30,36,39,34,62,37.0,58,45,33,44.0,47,34,51,25,34,18.0,39,79,18.0,50,2014,0.7941176470588235
37,46,51,42,36,38,43,43,45,49,47,Xavier,BE,42,42,48,42,39,41,44,44,54,56,51,54,39,48,41,47,41,45,49,47,36,46,42,64,47.0,50,57,55,44,39.0,39,42,51,50,44,42,46.0,56,68,50,61.0,50,43,77,52,47,72.0,65,19,89.0,38,2014,0.6363636363636364
54,43,41,41,49,44,57,49,59,53,48,Arkansas,SEC,54,61,38,57,55,56,57,67,38,52,45,37,51,63,57,50,59,49,32,43,41,31,32,33,77.0,58,66,54,32,60.0,37,34,39,52,36,53,53.0,71,60,46,66.0,40,56,32,35,41,56.0,68,54,71.0,39,2014,0.65625
49,49,52,44,46,37,46,36,41,34,49,Utah,P12,48,55,44,61,61,49,60,47,39,42,38,36,38,54,52,37,57,54,44,37,49,39,38,45,80.0,67,82,49,34,57.0,33,43,43,59,47,59,40.0,61,81,42,84.0,68,42,44,42,46,51.0,80,31,93.0,36,2014,0.65625
45,53,50,54,54,54,51,52,50,46,50,Dayton,A10,51,49,58,56,36,45,40,52,46,51,63,55,56,44,44,57,42,49,59,57,50,61,63,40,43.0,41,43,45,62,32.0,62,60,64,40,50,46,55.0,45,44,54,43.0,56,59,41,73,71,49.0,43,34,48.0,43,2014,0.696969696969697
59,55,55,51,51,53,49,41,44,59,51,Nebraska,B10,46,48,54,44,46,43,51,45,57,46,43,51,46,52,43,42,46,44,55,55,57,59,59,69,48.0,56,49,52,58,42.0,56,67,57,42,66,49,32.0,52,37,58,46.0,31,30,48,35,62,87.0,69,45,97.0,46,2014,0.6129032258064516
47,48,47,46,42,41,50,48,48,47,52,Florida St,ACC,52,53,43,45,58,53,61,36,50,38,78,48,45,51,50,49,58,47,43,34,45,42,34,42,54.0,61,54,62,40,50.0,42,39,44,45,45,60,58.0,42,67,64,58.0,52,73,55,73,28,69.0,79,58,73.0,60,2014,0.59375
52,50,56,47,38,42,47,39,47,60,53,St John's,BE,47,54,53,63,51,48,54,51,55,58,35,44,47,59,49,53,54,56,50,38,43,49,44,43,67.0,60,77,57,41,54.0,41,40,47,61,41,57,39.0,73,74,47,68.0,42,40,59,62,67,58.0,75,40,92.0,40,2014,0.625
46,52,59,48,57,56,56,59,52,55,54,Minnesota,B10,49,56,52,50,50,51,53,57,56,60,61,65,48,61,51,51,55,52,54,56,51,56,50,59,50.0,63,48,61,46,52.0,49,48,46,54,51,51,47.0,57,61,69,57.0,51,54,34,85,70,80.0,73,56,88.0,56,2014,0.6060606060606061
64,59,48,69,63,63,65,68,63,50,55,N Dakota St,SL,72,50,65,59,56,61,55,46,63,53,56,50,77,45,68,68,60,68,67,62,76,67,70,58,35.0,33,33,48,68,53.0,81,61,68,55,70,55,43.0,39,42,53,33.0,60,38,52,25,31,40.0,27,105,25.0,68,2014,0.8064516129032258
50,64,60,65,62,70,58,69,62,38,56,Southern Miss,CUSA,60,46,69,48,52,57,46,56,64,61,48,66,65,40,60,64,49,60,75,71,69,74,79,63,33.0,31,34,40,78,48.0,85,71,73,46,84,48,49.0,44,35,66,31.0,79,75,57,73,102,45.0,24,75,19.0,98,2014,0.8181818181818182
55,56,53,50,55,61,48,62,57,63,57,Missouri,SEC,44,52,66,46,44,44,41,60,49,76,53,75,49,55,48,61,43,41,65,63,48,64,62,71,49.0,52,44,53,63,62.0,60,59,60,66,64,40,87.0,64,51,49,55.0,76,107,58,85,110,68.0,51,69,76.0,54,2014,0.6666666666666666
56,71,61,64,58,66,54,57,54,65,58,NC State,ACC,55,62,67,54,53,54,58,34,62,54,77,58,53,60,54,65,56,46,66,58,60,68,67,83,55.0,70,52,66,72,51.0,69,73,65,65,68,54,36.0,54,58,90,64.0,38,48,30,42,75,67.0,62,57,72.0,67,2014,0.6176470588235294
67,69,54,72,69,72,40,70,53,40,59,SF Austin,SLC,70,38,82,43,63,58,49,43,73,55,44,77,73,22,40,66,39,61,90,84,93,88,89,67,52.0,54,53,32,91,58.0,95,91,82,49,81,45,64.0,17,38,78,36.0,113,71,78,52,45,39.0,12,126,4.0,75,2014,0.9393939393939394
60,57,57,60,52,57,62,55,60,71,60,Georgetown,BE,59,66,51,64,64,62,67,72,72,59,68,57,58,66,63,56,65,58,53,54,52,50,55,47,69.0,78,64,71,51,55.0,51,46,48,63,56,67,59.0,62,77,61,70.0,43,63,39,52,111,66.0,98,47,103.0,49,2014,0.5483870967741935
72,61,67,58,56,58,61,58,55,67,61,Illinois,B10,56,63,59,52,66,60,64,48,60,57,67,60,57,62,58,52,63,56,56,61,58,58,58,70,70.0,76,73,72,61,63.0,58,51,50,64,73,63,31.0,69,82,83,75.0,36,37,70,35,39,109.0,91,42,83.0,73,2014,0.5757575757575758
58,62,58,53,60,55,59,56,58,58,62,Clemson,ACC,58,64,50,58,68,64,68,53,44,44,66,52,55,64,62,60,64,55,47,51,59,53,53,62,79.0,74,72,65,57,77.0,53,57,55,72,54,65,66.0,72,73,72,81.0,46,85,75,42,79,97.0,83,50,79.0,53,2014,0.625
63,60,63,57,64,60,55,63,56,69,63,California,P12,50,60,62,60,54,50,59,65,65,75,65,68,50,57,47,46,47,47,62,68,53,60,60,68,63.0,69,63,60,60,45.0,55,62,62,58,72,56,81.0,74,75,55,69.0,84,88,96,73,73,71.0,78,48,85.0,45,2014,0.59375
62,58,66,68,65,68,66,64,67,51,64,WI Green Bay,HL,65,58,68,65,62,63,56,62,68,78,57,73,68,56,65,69,61,72,71,65,68,71,66,60,58.0,39,67,36,66,61.0,72,68,76,57,80,58,80.0,59,50,43,50.0,96,76,71,95,86,31.0,34,53,33.0,116,2014,0.8
57,63,65,61,67,52,69,50,66,56,65,Maryland,ACC,64,71,49,71,71,70,75,61,41,39,69,46,59,76,69,63,71,66,46,48,63,52,52,55,78.0,90,83,80,54,76.0,47,49,45,78,53,72,42.0,79,92,87,95.0,34,51,53,42,59,84.0,103,66,121.0,58,2014,0.53125
65,65,68,62,59,62,67,65,69,70,66,LSU,SEC,61,67,64,67,67,66,66,70,61,64,70,67,64,73,67,67,67,62,63,64,55,63,61,73,83.0,75,78,74,59,73.0,61,64,70,73,61,64,68.0,80,83,86,87.0,69,74,69,62,29,76.0,94,63,100.0,61,2014,0.59375
61,66,70,67,68,67,72,83,77,64,67,St Mary's CA,WCC,71,69,63,66,59,71,63,80,58,68,81,69,69,75,73,70,68,67,64,70,65,62,64,61,61.0,57,56,83,65,64.0,65,66,66,77,67,66,111.0,63,57,51,56.0,73,116,29,85,80,50.0,61,74,59.0,82,2014,0.6666666666666666
66,54,69,59,71,59,64,60,61,77,68,West Virginia,B12,62,68,57,70,74,65,73,75,66,71,55,59,60,70,61,54,66,64,51,60,54,45,45,53,88.0,88,90,68,47,68.0,48,55,53,56,62,69,54.0,82,109,73,100.0,81,64,97,62,77,107.0,111,71,127.0,57,2014,0.53125
70,68,71,66,61,65,68,66,64,75,69,Marquette,BE,68,70,61,68,76,69,81,66,69,69,71,64,61,68,64,62,70,64,61,67,62,57,57,72,92.0,92,89,76,56,89.0,63,50,56,69,65,77,62.0,78,106,89,99.0,54,68,93,52,81,95.0,113,52,117.0,62,2014,0.53125
69,67,78,63,74,64,71,61,68,78,70,Indiana,B10,67,76,60,74,78,73,83,77,71,77,72,63,63,82,70,58,77,70,57,53,64,55,56,51,101.0,96,102,73,52,88.0,57,44,33,62,58,78,57.0,86,105,67,105.0,45,67,91,42,88,94.0,114,73,125.0,79,2014,0.53125
71,70,62,86,77,75,73,73,72,62,71,Manhattan,MAAC,81,65,74,69,65,75,65,63,74,66,76,81,97,65,82,91,81,84,83,69,90,82,92,76,60.0,51,59,63,86,66.0,90,85,97,79,63,85,69.0,53,49,59,52.0,83,60,67,95,72,63.0,46,85,30.0,74,2014,0.78125
80,77,75,70,66,71,70,74,71,89,72,Georgia,SEC,69,73,76,73,73,68,70,68,77,73,60,72,67,81,71,81,69,68,76,94,75,81,76,82,74.0,81,76,82,84,67.0,74,86,77,88,95,68,63.0,76,84,81,72.0,61,47,104,42,60,81.0,84,61,96.0,59,2014,0.59375
77,72,74,71,76,69,76,76,82,74,73,Boise St,MWC,76,84,70,78,83,79,77,78,59,80,86,74,74,87,83,72,79,78,68,72,67,66,69,74,82.0,83,81,97,67,84.0,66,63,69,85,69,74,77.0,92,87,71,89.0,77,77,72,52,53,77.0,90,76,91.0,55,2014,0.6176470588235294
68,74,64,75,70,88,60,100,70,73,74,Toledo,MAC,66,57,105,55,45,55,43,76,87,108,89,109,78,43,59,82,48,58,111,99,72,104,108,104,38.0,34,38,43,109,59.0,114,105,131,60,89,47,98.0,48,41,76,34.0,133,129,95,112,130,54.0,26,95,36.0,70,2014,0.8181818181818182
84,80,79,76,80,83,84,75,78,84,75,Tulsa,CUSA,86,88,71,101,85,83,82,64,84,65,74,61,99,86,90,86,84,90,78,88,91,86,84,52,73.0,77,70,99,81,75.0,82,89,81,99,75,80,34.0,68,63,65,78.0,67,32,76,42,76,62.0,66,72,70.0,164,2014,0.6363636363636364
73,76,76,90,78,74,83,78,88,61,76,New Mexico St,WAC,92,82,79,87,96,91,88,83,78,72,80,71,95,79,94,75,88,99,80,66,103,78,82,65,71.0,79,71,69,79,79.0,84,76,86,86,46,88,71.0,90,65,38,73.0,102,83,54,73,58,32.0,50,65,39.0,153,2014,0.7428571428571429
79,78,85,79,75,86,77,93,75,80,77,San Francisco,WCC,75,72,80,72,69,72,69,71,75,81,73,84,82,80,81,96,72,75,86,98,83,90,88,96,67.0,68,68,95,93,74.0,86,102,92,95,114,70,60.0,60,72,70,63.0,75,52,64,73,35,61.0,77,100,78.0,83,2014,0.65625
74,73,86,83,81,81,95,85,94,66,78,Georgia St,SBC,104,83,72,90,91,97,87,89,90,62,54,62,119,91,111,77,89,111,72,80,110,73,73,78,76.0,65,79,85,71,92.0,87,87,85,83,60,82,76.0,95,79,63,65.0,74,50,115,52,84,88.0,52,118,43.0,72,2014,0.7575757575757576
83,85,81,78,82,92,80,94,91,85,79,Middle Tenn St,CUSA,83,77,97,85,75,81,71,91,93,82,64,85,98,77,84,97,76,86,99,108,102,101,101,86,64.0,62,61,70,100,71.0,106,90,79,75,100,71,73.0,83,59,77,67.0,89,72,68,73,118,47.0,47,101,46.0,110,2014,0.7272727272727273
76,75,73,97,100,78,90,87,85,72,80,Iona,MAAC,103,79,85,86,79,90,85,82,81,79,83,76,109,84,105,87,99,106,87,77,113,83,87,75,59.0,64,60,92,80,81.0,89,80,96,74,59,105,78.0,88,69,79,60.0,80,66,62,85,65,99.0,71,106,54.0,97,2014,0.6875
93,79,83,73,84,73,85,80,92,94,81,UNLV,MWC,85,91,73,94,92,84,90,84,67,88,79,83,87,116,85,80,82,80,69,75,70,69,74,56,108.0,98,109,102,70,91.0,67,70,67,94,78,89,91.0,115,93,62,110.0,85,90,74,62,74,91.0,92,81,86.0,86,2014,0.6060606060606061
103,88,72,105,85,96,99,91,98,68,82,NC Central,MEAC,119,75,83,81,110,115,98,85,95,74,59,78,123,74,99,99,100,125,89,82,143,91,93,66,99.0,89,99,59,103,109.0,121,84,84,67,82,97,74.0,47,55,60,85.0,92,44,134,42,50,29.0,44,68,26.0,155,2014,0.8484848484848485
75,81,88,74,73,79,74,84,83,88,83,Mississippi,SEC,73,86,84,76,82,77,79,97,70,89,82,94,72,85,74,85,78,73,82,85,71,84,80,98,94.0,87,93,107,83,94.0,78,77,78,100,83,76,94.0,94,97,106,98.0,86,103,110,95,104,105.0,107,62,114.0,64,2014,0.5757575757575758
82,83,84,84,99,87,79,92,84,92,84,Richmond,A10,78,81,96,84,70,78,76,87,79,92,96,100,84,78,77,90,80,78,97,95,78,96,96,88,75.0,82,75,94,94,69.0,91,88,95,82,93,81,120.0,87,86,98,80.0,98,114,84,95,127,126.0,97,92,102.0,93,2014,0.5757575757575758
90,86,91,81,72,77,92,71,79,87,85,Miami FL,ACC,87,101,81,97,107,94,104,79,82,67,88,70,79,103,92,74,95,88,77,73,84,79,78,92,110.0,116,110,108,73,111.0,77,79,58,123,74,102,70.0,108,121,95,118.0,63,79,88,52,78,114.0,135,67,128.0,119,2014,0.5151515151515151
102,84,97,80,90,80,89,81,87,103,86,Penn St,B10,84,99,75,83,98,92,107,92,88,83,90,87,80,106,86,71,102,86,70,86,74,72,71,91,114.0,115,116,96,74,102.0,71,81,75,80,91,107,72.0,114,132,111,123.0,58,55,105,62,55,134.0,151,83,147.0,77,2014,0.46875
86,94,77,103,91,98,94,101,93,79,87,Delaware,CAA,102,74,106,75,80,89,80,69,96,103,100,111,111,72,97,116,92,99,114,87,112,109,117,100,65.0,71,65,84,112,82.0,124,101,124,91,71,87,102.0,67,64,100,71.0,119,118,111,112,66,75.0,55,127,53.0,66,2014,0.7352941176470589
96,104,87,101,95,111,78,106,80,100,88,W Michigan,MAC,91,80,123,88,72,74,72,74,120,113,94,116,100,69,79,111,73,80,130,120,106,128,126,118,66.0,59,69,64,127,70.0,126,127,129,71,118,73,83.0,65,66,88,62.0,116,82,98,95,119,85.0,53,113,69.0,106,2014,0.71875
104,102,80,107,109,104,98,113,102,95,89,Belmont,OVC,106,85,104,77,81,93,86,96,111,90,112,102,118,71,96,101,91,93,108,110,119,108,121,107,57.0,72,51,67,119,72.0,131,99,120,70,99,86,106.0,70,56,113,53.0,108,94,79,62,56,102.0,49,152,45.0,92,2014,0.7272727272727273
87,107,103,82,93,106,91,90,95,76,90,UTEP,CUSA,89,90,103,98,87,88,84,99,91,93,75,103,94,92,93,114,86,96,105,89,96,114,116,85,103.0,91,95,77,114,87.0,108,109,99,109,107,79,101.0,81,76,84,90.0,97,91,60,85,117,59.0,64,78,62.0,158,2014,0.696969696969697
98,97,98,85,83,94,75,77,74,110,91,Washington,P12,74,87,98,80,86,76,89,93,105,99,87,95,71,88,72,78,74,73,98,92,89,98,97,110,104.0,107,104,89,97,80.0,83,95,89,97,105,84,93.0,97,108,107,113.0,87,81,123,73,108,119.0,116,110,141.0,91,2014,0.53125
110,89,82,95,94,97,101,107,111,90,92,Mercer,ASC,116,94,89,100,95,109,93,105,101,95,85,96,124,90,112,102,98,114,93,105,114,93,95,77,81.0,85,80,75,99,93.0,107,82,93,76,88,92,85.0,96,70,82,74.0,94,100,121,73,83,44.0,56,88,44.0,185,2014,0.7647058823529411
92,90,92,89,111,90,88,72,76,102,93,Oregon St,P12,77,89,92,91,90,82,91,95,86,105,103,89,76,89,75,83,83,75,95,83,85,92,86,114,100.0,106,101,91,90,86.0,80,96,91,104,106,90,79.0,93,119,97,109.0,91,87,114,95,82,134.0,130,89,148.0,84,2014,0.5161290322580645
85,82,95,77,88,76,86,79,73,98,94,Texas Tech,B12,79,95,78,92,101,86,103,100,80,86,92,80,70,100,78,73,90,80,73,93,73,70,68,87,121.0,129,123,81,69,112.0,68,94,88,87,98,96,86.0,109,145,137,129.0,95,97,122,85,103,133.0,165,115,176.0,78,2014,0.4375
88,95,101,91,79,82,93,67,81,99,95,Seton Hall,BE,90,102,91,104,108,95,110,73,92,91,84,82,81,105,91,79,105,94,85,74,80,80,83,93,128.0,122,130,101,76,104.0,76,78,83,103,79,113,75.0,127,128,105,142.0,62,61,108,62,98,142.0,145,77,152.0,104,2014,0.5
78,93,105,96,96,116,81,109,86,82,96,Indiana St,MVC,82,78,115,79,84,80,74,88,115,109,105,130,92,67,80,106,75,83,121,107,86,117,113,119,71.0,73,74,78,111,85.0,118,113,108,84,115,75,109.0,84,80,101,76.0,141,125,89,148,100,106.0,74,96,82.0,69,2014,0.696969696969697
81,87,90,94,97,85,97,89,89,83,97,St Bonaventure,A10,98,97,90,102,89,101,101,86,76,87,99,91,96,95,114,89,114,99,91,78,92,89,85,81,89.0,101,94,109,87,90.0,88,93,94,68,76,108,107.0,99,110,104,108.0,100,111,81,112,99,120.0,117,94,118.0,172,2014,0.5454545454545454
91,92,89,108,107,95,112,104,105,81,98,Cleveland St,HL,114,100,94,106,103,113,102,101,85,85,91,86,117,99,120,98,108,119,92,100,104,94,90,84,91.0,84,91,118,92,97.0,103,92,106,96,92,100,90.0,101,94,91,83.0,104,86,85,95,54,82.0,81,124,80.0,163,2014,0.65625
94,103,93,100,104,115,96,122,103,101,99,Ohio,MAC,94,92,109,103,77,87,78,109,113,121,119,129,105,83,88,117,85,90,118,119,97,120,119,94,87.0,66,86,87,123,78.0,119,115,114,81,104,83,131.0,75,78,109,79.0,142,137,109,121,151,73.0,72,86,66.0,166,2014,0.6764705882352942
89,108,102,111,106,107,115,103,107,91,100,Buffalo,MAC,113,111,102,121,97,110,100,125,97,100,97,93,115,101,113,110,111,112,102,103,115,107,106,106,106.0,86,96,98,106,107.0,112,118,111,90,116,109,88.0,98,96,80,88.0,103,101,65,85,107,86.0,95,111,87.0,165,2014,0.6551724137931034
101,96,108,88,102,89,100,88,100,107,101,Notre Dame,ACC,93,110,88,108,102,104,116,106,83,101,117,92,85,114,95,84,107,90,84,76,79,77,75,95,136.0,123,137,106,82,135.0,73,69,72,101,86,116,121.0,120,138,131,144.0,71,124,125,95,121,115.0,154,107,192.0,109,2014,0.46875
114,91,110,87,98,91,87,86,96,130,102,Purdue,B10,88,103,86,95,104,98,112,103,94,104,95,88,83,110,87,76,103,85,79,91,82,76,77,117,145.0,127,144,103,77,139.0,75,74,71,113,96,111,110.0,118,146,128,152.0,65,105,148,85,96,166.0,172,104,184.0,100,2014,0.46875
107,111,116,93,89,102,82,95,90,115,103,Wake Forest,ACC,80,93,110,82,93,85,95,90,109,114,131,127,75,94,76,103,87,75,110,112,87,110,103,126,113.0,113,115,86,115,116.0,96,107,109,92,121,91,123.0,91,115,126,116.0,107,133,129,121,149,122.0,133,84,153.0,102,2014,0.5151515151515151
97,99,99,102,92,105,108,102,110,93,104,Santa Barbara,BWC,101,96,101,89,116,107,97,119,107,112,115,101,103,98,110,100,97,108,101,97,98,99,100,123,107.0,100,106,79,96,103.0,109,110,118,142,102,95,127.0,85,91,75,96.0,152,169,87,168,129,65.0,85,128,68.0,159,2014,0.7
95,106,100,110,112,100,116,115,115,97,105,UC Irvine,BWC,117,112,95,110,124,121,118,112,103,84,101,98,116,111,122,104,115,123,94,116,123,97,98,101,111.0,110,117,120,95,113.0,104,108,102,122,97,112,97.0,104,104,74,102.0,126,106,99,95,89,70.0,100,129,64.0,131,2014,0.6764705882352942
99,98,107,92,110,84,110,82,104,111,106,Alabama,SEC,96,123,87,123,118,108,121,137,89,98,129,90,89,129,109,88,116,104,81,79,81,75,72,80,124.0,136,108,127,75,125.0,70,72,74,129,85,117,96.0,131,136,123,146.0,78,84,82,73,112,124.0,178,112,211.0,178,2014,0.40625
122,101,96,117,128,101,136,110,130,86,107,Vermont,AEC,144,125,77,128,134,148,138,126,100,70,58,79,146,124,151,105,154,160,74,81,145,87,91,79,101.0,108,105,124,89,115.0,105,83,87,111,77,155,92.0,126,102,68,101.0,70,62,135,62,32,46.0,101,191,49.0,203,2014,0.6875
111,109,104,112,108,103,122,118,128,96,108,Princeton,Ivy,125,107,99,93,117,129,117,108,104,96,113,108,127,112,128,107,126,131,100,106,121,100,109,105,122.0,104,127,88,98,131.0,111,100,98,119,127,127,99.0,106,98,85,106.0,88,99,119,95,95,74.0,93,82,74.0,132,2014,0.7142857142857143
105,115,94,121,117,119,120,125,129,112,109,Boston Univ,PL,124,98,118,99,94,124,96,110,129,126,121,121,137,97,123,125,120,128,125,124,156,124,133,103,84.0,95,85,105,121,83.0,136,114,121,134,90,120,112.0,66,71,119,77.0,110,123,61,121,94,79.0,67,64,65.0,107,2014,0.7058823529411765
106,100,115,99,87,93,106,98,97,109,110,Butler,BE,100,119,93,113,121,111,124,113,98,102,114,97,86,122,102,92,117,104,88,96,77,85,81,112,150.0,138,150,123,85,172.0,79,75,80,115,122,122,89.0,124,167,130,165.0,66,78,138,52,91,172.0,196,102,171.0,121,2014,0.45161290322580644
113,105,112,115,120,99,121,97,118,106,111,Northern Iowa,MVC,118,126,100,133,122,123,123,133,108,94,125,99,120,121,125,95,125,121,96,90,107,95,94,89,109.0,117,111,135,88,105.0,93,97,90,135,87,126,105.0,140,133,96,117.0,106,104,86,112,85,110.0,141,90,150.0,96,2014,0.5161290322580645
108,113,119,104,86,108,103,99,106,127,112,Vanderbilt,SEC,95,114,114,112,113,102,109,129,102,119,98,118,90,113,98,112,104,94,112,114,88,105,104,129,120.0,118,122,112,107,120.0,94,104,103,127,119,104,136.0,121,129,135,127.0,114,156,102,121,90,137.0,148,80,174.0,108,2014,0.4838709677419355
109,121,114,123,113,126,104,128,108,114,113,Akron,MAC,107,104,133,107,88,96,92,111,125,135,132,142,113,93,101,126,94,99,139,136,116,142,137,132,93.0,80,92,111,138,98.0,139,129,132,89,126,93,128.0,102,90,112,97.0,137,126,103,112,136,93.0,89,114,104.0,124,2014,0.6363636363636364
116,112,113,119,133,110,113,116,109,125,114,La Salle,A10,111,113,111,120,99,112,113,116,110,107,135,114,107,108,108,108,112,110,109,126,99,111,111,108,98.0,111,97,117,104,100.0,113,103,100,107,117,121,142.0,113,122,148,114.0,105,130,80,95,128,151.0,139,98,138.0,113,2014,0.4838709677419355
119,110,117,116,115,113,123,120,132,116,115,ULL,SBC,126,108,119,111,115,119,106,104,123,115,107,106,139,118,127,120,110,123,119,123,126,116,118,90,90.0,93,88,115,117,99.0,127,121,143,116,108,98,118.0,107,95,127,82.0,125,89,130,112,156,89.0,82,108,94.0,181,2014,0.6764705882352942
100,116,109,122,119,118,105,123,114,113,116,E Michigan,MAC,110,116,127,122,100,103,99,122,116,128,110,131,114,102,106,121,96,106,128,125,111,130,124,111,86.0,94,84,125,125,96.0,125,134,146,93,113,99,133.0,105,99,114,92.0,144,134,73,121,116,140.0,105,122,116.0,146,2014,0.6
115,117,120,106,114,112,111,124,117,118,117,Utah St,MWC,105,117,116,115,111,106,111,118,99,133,109,123,101,120,107,118,101,99,116,133,94,112,114,115,116.0,114,119,136,113,124.0,100,106,110,120,134,103,122.0,130,116,103,121.0,130,142,124,136,132,103.0,121,134,124.0,120,2014,0.5625
117,119,123,98,103,109,102,96,112,126,118,Texas A&M,SEC,97,122,121,118,109,105,108,138,114,131,108,117,91,123,100,113,106,98,120,101,95,115,110,113,148.0,119,146,114,105,132.0,92,112,107,117,109,101,130.0,125,123,108,162.0,109,128,92,112,185,128.0,136,109,135.0,173,2014,0.53125
121,122,127,113,101,114,107,108,101,131,119,Georgia Tech,ACC,108,118,112,105,119,114,127,94,119,111,120,104,93,117,103,94,118,96,106,109,101,113,99,142,157.0,135,157,104,110,150.0,98,98,101,102,112,123,95.0,137,155,151,171.0,82,95,147,95,115,152.0,179,91,163.0,71,2014,0.48484848484848486
128,126,111,125,105,123,126,126,119,108,120,Towson,CAA,134,105,136,114,105,117,105,121,126,127,106,138,135,104,118,148,113,121,143,130,144,136,147,134,95.0,102,100,100,145,101.0,146,136,149,105,123,110,143.0,89,89,94,104.0,129,132,158,136,120,101.0,87,130,75.0,76,2014,0.696969696969697
124,120,125,118,118,122,109,105,99,141,121,Northwestern,B10,99,115,124,96,112,100,119,81,137,140,111,125,88,115,89,93,109,88,122,135,100,118,112,135,123.0,141,126,93,116,122.0,110,111,127,98,140,114,102.0,142,152,165,143.0,90,112,145,95,114,210.0,183,103,178.0,80,2014,0.42424242424242425
134,114,130,109,123,121,118,111,124,117,122,Wyoming,MWC,122,129,108,126,126,126,125,130,106,117,118,113,110,131,124,109,121,120,104,102,108,103,107,121,135.0,126,134,131,102,126.0,99,125,104,110,103,118,135.0,147,134,93,137.0,128,143,128,136,131,108.0,138,158,156.0,128,2014,0.5625
112,128,126,124,124,138,114,137,116,122,123,Missouri St,MVC,109,106,149,109,106,99,94,120,131,151,128,151,112,96,104,149,93,108,156,161,122,155,152,128,85.0,99,87,110,162,95.0,152,152,157,118,171,94,139.0,100,88,153,93.0,150,145,83,136,168,125.0,86,93,130.0,87,2014,0.625
130,132,106,130,122,129,124,131,131,104,124,E Kentucky,OVC,135,121,143,125,114,127,114,102,139,124,124,135,140,107,126,133,119,130,149,134,150,148,149,122,97.0,103,98,90,148,108.0,160,120,153,106,128,106,119.0,77,85,145,91.0,146,120,106,136,159,192.0,70,150,57.0,160,2014,0.7272727272727273
127,123,132,120,121,117,117,117,120,140,125,South Carolina,SEC,112,131,113,130,131,116,134,115,118,118,137,110,102,137,117,119,129,114,107,117,105,106,102,130,139.0,150,140,116,108,146.0,97,117,113,126,111,132,114.0,136,164,169,154.0,111,92,112,95,92,168.0,188,70,195.0,177,2014,0.4117647058823529
140,125,122,127,127,124,125,127,122,149,126,Fresno St,MWC,120,128,122,124,133,118,128,117,124,123,102,115,122,130,121,123,122,118,117,138,129,123,122,140,117.0,131,120,139,124,121.0,115,119,112,128,133,119,100.0,135,144,136,128.0,117,109,136,95,63,136.0,143,131,155.0,171,2014,0.5151515151515151
129,118,135,132,131,139,128,135,121,105,127,Canisius,MAAC,137,109,131,117,123,128,115,124,143,129,127,132,144,119,129,135,138,143,133,118,152,133,136,120,96.0,97,107,142,129,106.0,137,141,137,146,101,148,126.0,119,103,115,86.0,139,117,133,136,101,156.0,99,160,98.0,81,2014,0.6363636363636364
133,129,121,138,137,134,130,141,127,119,128,IPFW,SL,141,120,132,119,125,130,120,114,132,143,141,134,141,109,131,140,124,137,141,137,148,146,145,153,115.0,105,118,113,146,129.0,156,149,154,108,136,115,108.0,103,107,120,103.0,143,102,141,95,125,112.0,96,144,90.0,126,2014,0.7058823529411765
138,141,129,136,132,136,149,138,152,121,129,Davidson,SC,152,144,129,160,151,152,144,144,121,116,93,107,161,149,155,143,146,164,131,142,169,139,129,124,126.0,124,129,133,140,119.0,157,116,125,141,120,139,84.0,116,124,133,125.0,93,98,90,85,93,92.0,104,157,77.0,210,2014,0.625
123,131,118,135,125,127,154,134,150,120,130,American Univ,PL,160,142,117,139,148,166,150,123,135,97,139,119,170,143,171,129,170,186,113,115,176,121,127,102,118.0,130,114,155,122,130.0,138,130,116,152,94,178,134.0,111,117,116,111.0,124,110,118,121,87,83.0,112,168,95.0,179,2014,0.625
125,127,133,114,116,125,127,112,125,146,131,Auburn,SEC,115,132,120,132,129,122,129,141,117,136,116,122,104,141,119,122,127,114,115,121,109,119,115,127,169.0,159,186,128,118,162.0,102,139,117,145,143,125,131.0,150,179,156,182.0,135,154,142,121,126,174.0,185,87,180.0,99,2014,0.4666666666666667
135,144,145,126,126,128,119,119,113,135,132,Houston,AAC,121,124,137,116,132,120,126,107,138,130,134,137,108,125,116,130,123,114,144,150,125,137,143,170,143.0,139,143,121,134,128.0,128,146,136,112,160,131,104.0,129,143,181,147.0,122,122,143,148,152,179.0,150,154,160.0,111,2014,0.5151515151515151
126,124,142,129,130,120,140,121,139,123,133,Portland,WCC,136,149,107,154,149,145,149,148,112,110,136,112,126,156,145,115,149,140,103,104,117,102,105,116,178.0,154,178,147,101,166.0,101,123,126,157,110,150,154.0,139,168,102,169.0,131,140,100,136,106,130.0,177,148,161.0,137,2014,0.4838709677419355
120,130,124,128,134,135,131,149,149,132,134,Hawaii,BWC,127,136,130,136,138,136,133,154,133,146,130,136,131,144,135,124,130,134,127,141,124,122,120,99,160.0,143,163,119,120,137.0,117,135,150,163,139,128,180.0,161,113,99,145.0,170,188,101,148,135,96.0,108,153,113.0,184,2014,0.6451612903225806
146,139,140,148,140,142,145,150,133,136,135,S Dakota St,SL,149,135,134,140,144,146,146,135,148,122,104,120,149,134,149,146,141,148,135,149,154,145,153,146,138.0,133,133,138,144,145.0,155,154,122,125,156,138,116.0,117,140,121,119.0,121,93,171,85,105,143.0,132,145,122.0,138,2014,0.6129032258064516
118,135,148,134,138,130,137,114,126,128,136,Rhode Island,A10,131,146,125,150,141,141,152,128,122,106,148,105,125,138,138,127,140,131,123,111,128,126,123,125,155.0,158,156,130,128,160.0,120,131,128,137,125,156,115.0,156,178,160,167.0,99,96,126,121,113,171.0,197,195,198.0,176,2014,0.4375
143,133,131,131,146,131,156,144,155,129,137,Columbia,Ivy,156,141,126,135,145,156,143,139,127,125,144,140,159,151,157,137,155,155,124,131,151,125,131,97,130.0,132,125,152,126,134.0,133,133,145,144,130,162,159.0,148,112,117,126.0,138,175,94,148,155,90.0,110,182,110.0,162,2014,0.6129032258064516
137,134,128,146,147,147,134,151,136,134,138,Quinnipiac,MAAC,145,127,151,129,120,135,122,136,153,152,138,159,160,126,136,156,145,145,154,151,162,152,162,154,105.0,109,103,122,161,110.0,162,147,168,133,147,154,173.0,134,100,110,94.0,171,184,153,199,184,141.0,102,138,101.0,127,2014,0.6451612903225806
142,138,146,143,151,137,146,130,141,144,139,San Diego,WCC,138,145,128,144,143,140,148,140,140,132,133,139,134,152,143,134,147,137,126,128,127,127,130,139,156.0,148,152,143,131,153.0,129,148,138,148,146,143,141.0,128,153,132,166.0,115,136,113,121,160,177.0,173,141,165.0,174,2014,0.5
132,143,150,144,141,146,132,139,135,142,140,Illinois St,MVC,132,139,153,143,130,133,136,159,147,142,145,148,133,135,133,141,135,131,152,152,134,153,154,171,134.0,140,136,141,147,127.0,150,163,130,138,151,137,151.0,149,147,138,140.0,149,144,131,148,138,194.0,147,97,168.0,148,2014,0.5161290322580645
131,137,134,142,136,133,144,140,148,124,141,Drexel,CAA,147,143,142,146,139,150,145,156,130,134,168,149,148,140,152,142,151,148,138,113,133,132,135,131,132.0,137,132,156,141,144.0,145,128,147,160,124,151,192.0,160,142,122,135.0,164,172,120,148,141,127.0,144,143,140.0,237,2014,0.5333333333333333
136,142,151,133,139,132,139,136,147,152,142,Colorado St,MWC,133,155,135,153,147,143,155,158,128,141,122,126,129,161,139,131,143,135,129,127,136,129,128,133,182.0,165,183,149,130,170.0,116,122,105,131,144,144,148.0,169,166,118,192.0,134,138,137,112,134,155.0,174,208,190.0,149,2014,0.5
147,145,144,147,148,143,155,148,143,133,143,Denver,SL,154,148,139,155,153,153,157,142,134,137,162,128,147,146,153,138,152,155,140,140,142,138,141,109,139.0,151,138,161,135,138.0,148,137,123,139,132,149,138.0,144,149,175,131.0,151,162,107,121,144,177.0,140,147,149.0,192,2014,0.5161290322580645
141,146,141,159,142,154,142,146,138,138,144,WI Milwaukee,HL,140,130,165,127,140,134,130,98,149,168,164,161,145,127,137,173,133,139,173,157,160,173,167,195,131.0,112,135,154,170,133.0,174,180,176,199,145,130,117.0,123,125,144,130.0,172,113,175,121,181,147.0,118,125,107.0,101,2014,0.6176470588235294
153,140,143,139,135,140,133,143,137,159,145,Nevada,MWC,130,140,140,142,137,132,140,134,142,148,149,141,132,147,134,150,134,128,137,148,135,140,139,136,137.0,152,139,153,152,123.0,132,145,139,191,148,140,146.0,151,158,141,155.0,147,135,199,148,145,175.0,161,204,166.0,168,2014,0.46875
149,153,136,151,129,148,147,157,142,137,146,William & Mary,CAA,150,134,160,137,127,139,132,132,146,162,170,157,158,133,144,176,139,146,171,165,163,171,171,178,119.0,125,121,140,176,118.0,176,165,179,151,158,136,129.0,132,111,143,115.0,153,153,161,168,150,144.0,109,133,106.0,161,2014,0.625
148,136,154,141,143,152,135,165,140,155,147,Pacific,WCC,129,133,144,131,128,131,135,143,145,157,163,160,128,136,130,139,132,125,147,159,132,143,142,160,133.0,128,131,146,137,147.0,143,168,152,174,173,133,169.0,133,148,161,132.0,174,199,144,199,146,181.0,152,123,158.0,167,2014,0.5
145,152,139,161,150,145,158,145,145,139,148,Wright St,HL,158,159,141,158,161,157,162,131,144,120,123,124,166,160,169,160,159,169,136,143,173,149,151,141,173.0,147,162,186,153,173.0,158,126,141,164,135,157,113.0,153,154,129,158.0,118,108,188,95,109,154.0,146,121,146.0,141,2014,0.5882352941176471
144,154,164,137,156,157,138,133,157,143,149,UAB,CUSA,139,153,162,156,142,142,139,173,158,155,155,170,143,150,140,144,137,143,160,129,139,163,161,149,152.0,144,153,126,156,117.0,154,161,159,168,149,134,194.0,196,130,124,141.0,167,187,127,168,175,153.0,131,206,142.0,140,2014,0.5806451612903226
159,156,153,149,154,173,143,168,159,168,150,W Kentucky,SBC,146,138,174,138,135,138,131,152,172,185,165,180,168,142,146,171,131,140,180,176,164,180,176,172,125.0,121,128,134,179,114.0,181,183,186,165,157,124,195.0,145,114,174,134.0,189,171,191,199,226,111.0,106,146,129.0,134,2014,0.625
155,147,158,140,144,151,129,152,123,179,151,DePaul,BE,123,137,156,134,136,125,141,127,155,191,181,168,106,132,115,151,128,112,158,177,120,156,146,183,154.0,167,154,137,158,168.0,142,155,160,136,192,141,158.0,146,189,256,175.0,145,178,184,178,251,252.0,216,99,227.0,105,2014,0.36363636363636365
154,148,169,154,145,164,151,164,144,160,152,Pepperdine,WCC,143,147,148,145,150,144,154,151,151,163,158,155,136,148,142,158,150,140,151,154,140,150,150,193,159.0,153,159,157,149,157.0,151,189,163,181,170,147,196.0,122,173,149,151.0,176,223,179,199,162,187.0,180,120,179.0,85,2014,0.4838709677419355
152,150,163,152,167,141,157,132,146,162,153,George Mason,A10,151,164,138,171,157,155,167,162,136,138,161,144,142,165,148,136,156,148,134,132,130,134,134,166,164.0,182,166,172,132,169.0,134,132,135,177,129,181,152.0,189,209,201,185.0,123,150,140,148,170,206.0,234,192,234.0,103,2014,0.3548387096774194
168,157,138,162,163,155,173,174,174,156,154,Holy Cross,PL,178,154,152,147,158,181,159,160,168,147,160,158,189,157,183,166,182,182,153,153,204,161,169,155,127.0,146,124,187,164,136.0,175,160,164,156,138,193,185.0,143,120,150,133.0,163,183,117,148,147,129.0,127,185,105.0,136,2014,0.59375
157,169,155,169,153,174,159,175,164,150,155,Murray St,OVC,174,162,172,167,165,168,158,165,173,153,143,154,174,158,170,172,161,171,172,182,191,174,174,148,142.0,155,145,144,175,159.0,179,177,171,132,194,152,161.0,155,141,152,122.0,187,152,167,121,122,121.0,128,161,115.0,157,2014,0.6206896551724138
156,149,175,145,149,144,141,154,134,180,156,USC,P12,128,158,147,151,159,137,160,153,152,160,178,147,121,154,132,132,142,125,145,166,118,144,132,185,176.0,190,181,159,139,187.0,123,150,134,143,183,153,164.0,179,221,205,189.0,158,147,210,148,139,227.0,244,135,250.0,130,2014,0.34375
151,166,168,150,152,168,148,155,167,147,157,Charlotte,CUSA,148,157,181,149,146,147,142,161,161,178,172,193,151,159,147,162,144,146,179,147,147,176,173,137,151.0,149,151,145,174,140.0,163,176,175,204,153,142,171.0,192,137,154,136.0,175,180,116,199,215,117.0,129,164,154.0,194,2014,0.5483870967741935
165,159,160,156,159,166,161,173,175,148,158,Stony Brook,AEC,176,151,164,148,152,175,151,168,169,175,151,183,180,155,172,174,173,189,168,164,180,169,172,156,165.0,142,165,150,171,151.0,177,153,161,147,137,174,184.0,154,126,125,150.0,173,177,165,199,140,113.0,115,174,99.0,135,2014,0.696969696969697
163,151,161,158,155,161,165,163,156,164,159,Long Beach St,BWC,153,165,146,163,180,158,170,163,156,144,146,143,152,166,164,147,160,155,142,158,157,135,138,167,166.0,175,169,168,136,164.0,144,171,144,179,166,164,166.0,177,193,186,181.0,180,155,149,148,142,169.0,209,132,194.0,195,2014,0.46875
150,158,156,170,173,156,168,167,163,165,160,Valparaiso,HL,157,163,161,162,167,165,166,149,154,167,140,162,165,164,167,155,163,175,159,167,153,160,158,174,184.0,163,192,170,151,167.0,159,140,148,173,161,160,178.0,181,187,146,176.0,179,189,192,148,137,139.0,181,136,181.0,156,2014,0.5454545454545454
139,172,152,166,171,167,170,171,177,154,161,Weber St,BSC,171,170,171,169,169,179,163,174,159,171,154,164,175,170,181,168,165,179,170,171,167,172,178,152,149.0,184,147,166,168,156.0,170,143,156,182,168,159,167.0,193,139,92,139.0,177,160,152,148,157,100.0,123,226,112.0,245,2014,0.6333333333333333
160,160,167,157,168,149,167,142,151,169,162,Duquesne,A10,165,171,155,175,162,172,174,147,141,145,152,145,156,171,159,159,174,169,150,146,149,154,156,164,188.0,174,199,160,157,184.0,153,157,151,124,154,190,144.0,172,204,176,198.0,132,119,201,121,169,228.0,221,183,187.0,170,2014,0.43333333333333335
164,177,137,163,161,182,153,197,173,166,163,Sam Houston St,SLC,164,150,195,157,154,149,137,170,189,184,177,198,184,128,150,214,136,153,202,214,190,206,207,179,112.0,120,112,132,214,142.0,211,195,218,130,199,129,188.0,110,101,168,107.0,225,230,151,178,171,118.0,88,202,81.0,152,2014,0.696969696969697
176,175,147,183,157,186,160,192,158,163,164,Robert Morris,NEC,170,152,180,141,155,159,153,157,185,158,150,192,182,139,163,200,162,158,184,192,198,190,203,191,129.0,134,113,179,201,141.0,209,198,192,149,150,169,223.0,112,118,178,112.0,181,249,163,199,166,164.0,126,177,108.0,89,2014,0.6176470588235294
167,178,176,171,164,179,169,176,182,174,165,FL Gulf Coast,ASC,180,168,176,176,164,173,161,190,194,172,126,165,185,162,176,191,164,176,175,188,205,181,190,150,146.0,160,148,162,190,149.0,191,178,170,184,169,161,147.0,174,135,142,138.0,140,163,180,148,148,116.0,119,193,119.0,151,2014,0.6470588235294118
161,164,149,164,165,171,163,183,176,158,166,Morehead St,OVC,169,160,177,165,156,162,156,169,176,180,166,176,177,153,165,179,153,167,182,178,171,175,175,143,141.0,145,141,163,184,143.0,184,162,273,161,174,146,238.0,138,131,166,124.0,230,225,160,178,194,146.0,125,166,111.0,189,2014,0.6060606060606061
171,155,162,160,160,165,172,180,180,161,167,Arkansas St,SBC,183,161,158,164,163,174,164,176,164,165,142,152,197,181,180,157,158,171,157,190,174,159,160,147,180.0,156,195,171,154,179.0,172,158,165,140,164,158,183.0,166,175,159,164.0,168,190,164,178,216,160.0,153,169,133.0,225,2014,0.59375
158,170,159,178,169,162,191,166,186,151,168,Bucknell,PL,190,173,159,170,184,197,185,179,166,150,176,169,194,174,196,165,208,198,162,139,185,164,170,151,167.0,177,164,206,163,161.0,169,151,142,249,142,225,163.0,168,162,134,156.0,156,151,170,148,97,148.0,164,188,144.0,180,2014,0.5333333333333333
177,163,181,153,158,158,162,159,160,198,169,UCF,AAC,155,174,157,166,175,163,180,155,167,169,157,150,150,175,162,154,168,148,155,180,141,147,144,158,220.0,205,218,165,143,217.0,135,144,140,183,205,176,136.0,191,223,247,228.0,112,115,224,121,187,237.0,242,151,233.0,114,2014,0.41935483870967744
180,165,178,175,170,163,181,160,166,184,170,Santa Clara,WCC,173,179,150,172,183,178,191,145,160,149,167,146,162,184,179,153,188,171,146,160,170,151,155,192,210.0,186,205,169,155,214.0,147,159,133,121,177,188,140.0,178,231,180,188.0,127,131,197,121,161,229.0,240,165,220.0,142,2014,0.42424242424242425
179,161,184,167,166,150,179,129,154,186,171,Boston College,ACC,161,198,145,181,212,183,218,146,150,139,171,133,138,198,178,128,193,160,132,122,138,131,125,187,207.0,242,206,231,133,228.0,122,124,115,159,131,218,124.0,251,267,235,241.0,101,121,223,112,154,244.0,295,139,278.0,118,2014,0.25
166,180,174,182,176,175,206,162,191,145,172,SC Upstate,ASC,196,186,170,189,185,194,186,194,174,156,147,166,193,178,197,183,192,196,174,144,194,178,177,145,163.0,180,161,209,178,182.0,189,167,191,162,141,185,155.0,176,169,139,163.0,169,158,195,148,124,131.0,160,210,157.0,241,2014,0.5757575757575758
186,162,183,155,185,153,176,156,165,190,173,Temple,AAC,162,193,154,192,198,176,194,184,162,161,180,153,153,192,177,145,187,164,148,156,137,141,140,161,175.0,222,177,223,142,198.0,130,138,119,223,178,203,157.0,212,239,238,202.0,120,166,146,148,202,231.0,255,171,255.0,95,2014,0.2903225806451613
181,176,171,186,191,178,177,170,183,167,174,Yale,Ivy,189,167,179,152,174,191,178,150,182,176,192,182,190,169,191,180,194,194,177,168,192,179,187,169,147.0,164,149,158,180,154.0,188,170,172,170,198,204,197.0,171,160,188,160.0,162,191,155,168,191,161.0,166,216,145.0,144,2014,0.5357142857142857
174,179,166,189,162,189,150,181,162,170,175,Utah Valley,WAC,168,156,203,159,160,154,147,166,183,198,186,199,172,145,156,217,148,158,212,209,209,213,221,215,144.0,157,142,148,215,148.0,201,229,225,167,222,145,188.0,141,127,158,120.0,237,219,194,229,204,132.0,120,220,123.0,88,2014,0.6451612903225806
173,183,182,177,174,183,171,191,170,177,176,Old Dominion,CUSA,172,172,190,177,166,170,168,175,180,187,189,186,171,168,168,181,169,171,192,197,181,191,188,163,170.0,170,172,178,181,152.0,182,200,194,155,163,170,190.0,163,172,199,178.0,182,182,156,178,228,157.0,169,159,159.0,117,2014,0.48484848484848486
172,167,170,174,180,176,164,178,168,185,177,Drake,MVC,163,166,183,168,168,160,165,193,179,201,200,200,167,163,158,163,166,164,183,184,146,170,165,159,174.0,169,175,164,166,188.0,168,169,167,202,186,165,214.0,182,180,170,190.0,204,228,162,229,207,162.0,190,163,188.0,133,2014,0.4838709677419355
162,171,186,165,175,160,152,147,153,201,178,Washington St,P12,142,175,169,174,170,151,172,171,178,192,199,174,130,172,141,152,157,135,169,170,131,162,157,203,224.0,210,223,174,160,204.0,141,164,155,158,200,168,176.0,186,243,224,233.0,166,165,225,148,179,250.0,261,140,265.0,112,2014,0.3225806451612903
170,174,179,188,186,177,183,153,161,176,179,S Illinois,MVC,179,192,166,202,193,182,197,177,181,154,153,156,173,183,187,169,195,176,164,162,177,167,163,162,200.0,197,214,177,169,192.0,164,179,158,194,165,201,125.0,170,224,163,227.0,148,127,203,136,123,202.0,227,254,228.0,123,2014,0.42424242424242425
193,195,165,192,182,188,193,205,197,171,180,Wofford,SC,210,182,192,193,173,196,181,178,175,181,156,177,214,180,201,207,185,208,199,212,217,203,195,175,153.0,161,158,173,207,158.0,215,185,200,150,196,163,144.0,159,151,184,153.0,165,157,198,136,178,104.0,122,170,109.0,202,2014,0.625
197,173,196,181,172,180,174,185,169,194,181,Loy Marymount,WCC,166,169,167,161,171,167,176,172,187,183,213,184,163,167,166,167,175,160,166,187,158,166,164,209,179.0,172,180,175,165,203.0,165,193,166,178,189,179,175.0,164,214,209,174.0,178,196,190,199,133,251.0,225,149,231.0,145,2014,0.40625
187,186,172,180,201,184,188,179,187,157,182,Northwestern LA,SLC,194,184,189,198,190,187,179,186,190,164,169,181,198,173,190,190,176,191,193,193,178,196,194,177,158.0,168,155,183,191,163.0,196,194,193,154,190,166,153.0,152,171,211,148.0,196,149,173,148,153,190.0,155,223,162.0,204,2014,0.5483870967741935
178,192,212,172,179,170,175,158,172,197,183,Rutgers,AAC,167,185,194,195,182,171,184,167,171,173,173,172,155,199,173,186,177,160,194,196,161,184,184,184,192.0,216,197,199,185,185.0,149,186,169,205,209,192,150.0,205,217,262,216.0,154,201,139,217,210,220.0,229,156,248.0,122,2014,0.36363636363636365
169,182,190,185,187,181,180,194,184,188,184,Kent,MAC,177,177,187,182,172,180,173,192,177,195,198,195,176,177,174,182,180,179,186,179,166,183,181,165,213.0,171,215,180,183,201.0,180,175,181,171,184,187,216.0,206,188,185,186.0,197,200,222,199,221,182.0,193,184,201.0,198,2014,0.5
175,199,197,190,190,205,190,215,204,183,185,Elon,SC,195,181,207,188,192,193,175,217,197,202,175,205,203,189,195,197,186,198,208,206,195,207,196,168,162.0,166,168,195,209,155.0,208,206,217,207,201,180,223.0,197,156,187,159.0,185,218,132,178,208,122.0,137,172,139.0,221,2014,0.5625
215,187,177,197,202,195,187,184,181,199,186,Siena,MAAC,208,178,178,179,179,190,187,185,192,170,202,179,207,205,189,188,212,186,176,199,202,187,197,220,193.0,181,185,176,186,183.0,190,205,201,200,182,232,167.0,187,182,203,191.0,160,146,176,168,206,207.0,215,178,197.0,182,2014,0.46875
184,168,173,187,195,169,199,201,193,172,187,NE Omaha,SL,199,189,163,180,201,204,209,191,163,179,187,171,186,185,198,164,198,198,161,175,172,157,159,180,219.0,191,209,201,150,230.0,166,174,188,153,188,189,203.0,226,196,190,195.0,209,216,185,178,189,,207,167,182.0,275,2014,0.5333333333333333
199,201,185,199,183,196,215,182,202,182,188,Albany NY,AEC,227,196,185,187,214,231,211,181,196,177,210,189,224,201,226,196,238,227,189,169,212,192,200,181,185.0,185,184,228,193,194.0,203,191,182,188,152,249,164.0,165,163,162,157.0,157,141,177,178,158,158.0,162,251,132.0,249,2014,0.5625
206,191,187,196,205,199,209,198,192,173,189,Wagner,NEC,204,183,182,185,191,202,193,189,216,174,159,191,211,179,202,201,211,204,185,185,226,193,204,223,218.0,183,211,188,197,208.0,202,188,189,196,187,228,156.0,157,176,140,187.0,155,164,240,178,164,188.0,176,264,126.0,211,2014,0.6129032258064516
190,190,192,194,204,191,192,188,190,206,190,Oakland,HL,186,190,193,186,189,189,200,180,188,193,216,188,181,190,188,189,191,188,188,194,175,189,180,186,181.0,192,179,193,189,176.0,185,187,180,180,185,194,187.0,203,226,257,204.0,190,181,166,178,143,255.0,224,175,253.0,206,2014,0.3939393939393939
188,181,191,193,184,172,205,169,200,153,191,Brown,Ivy,215,201,173,184,204,234,221,182,165,159,182,163,202,211,228,170,235,239,165,145,197,165,168,182,229.0,199,232,194,167,221.0,173,166,174,185,180,244,179.0,229,215,157,211.0,161,192,207,178,180,184.0,213,265,170.0,219,2014,0.5357142857142857
182,184,206,168,177,159,195,161,194,189,192,Virginia Tech,ACC,182,222,168,214,210,192,216,201,157,190,212,167,157,243,192,161,204,182,163,155,155,158,148,157,246.0,252,241,236,159,256.0,140,156,162,210,162,216,162.0,252,253,236,269.0,136,167,150,136,248,222.0,267,196,268.0,150,2014,0.2903225806451613
183,185,188,176,206,193,200,190,217,178,193,Oral Roberts,SLC,192,210,191,224,196,199,190,232,199,186,223,202,206,193,205,193,190,198,187,172,179,188,182,138,191.0,173,170,184,188,180.0,195,196,187,166,155,172,229.0,216,185,191,173.0,247,244,159,217,213,159.0,171,214,199.0,262,2014,0.5151515151515151
198,196,218,173,178,192,166,186,179,235,194,Mississippi St,SEC,159,180,196,173,181,164,171,195,201,217,194,209,154,186,154,198,172,153,197,204,165,194,191,236,245.0,198,244,151,199,245.0,167,199,195,187,202,171,217.0,190,218,245,247.0,183,209,250,178,165,232.0,232,137,237.0,125,2014,0.42424242424242425
185,202,195,198,194,197,184,196,185,209,195,N Illinois,MAC,185,187,202,194,176,177,182,187,198,208,174,190,179,187,182,204,181,176,203,207,193,208,206,207,217.0,179,207,167,203,193.0,197,223,227,186,207,184,172.0,180,201,210,206.0,192,170,243,168,188,264.0,212,215,216.0,139,2014,0.46875
196,189,157,191,181,200,226,208,230,175,196,Southern Univ,SWAC,220,216,186,250,205,214,196,252,186,206,184,178,241,204,235,178,207,221,195,191,215,195,183,144,171.0,176,176,205,192,178.0,214,181,196,176,167,183,209.0,162,174,167,172.0,256,246,168,178,240,98.0,157,228,120.0,267,2014,0.59375
195,198,211,200,203,218,178,204,171,215,197,Miami OH,MAC,184,176,209,183,188,161,169,188,217,218,238,221,183,176,161,209,178,179,217,219,182,214,209,226,161.0,162,160,196,212,165.0,207,233,220,197,229,196,199.0,158,191,250,161.0,211,221,214,229,219,271.0,198,119,222.0,115,2014,0.41935483870967744
202,197,230,184,189,185,182,172,189,207,198,South Florida,AAC,175,191,200,178,199,184,192,200,184,200,195,196,164,200,175,185,184,167,198,198,168,186,185,230,232.0,218,230,189,187,241.0,161,184,177,224,220,200,177.0,236,237,237,250.0,159,202,248,168,220,242.0,246,180,238.0,147,2014,0.375
205,188,198,206,196,187,202,177,195,219,199,Cal Poly SLO,BWC,191,215,175,196,234,205,230,164,193,166,255,173,187,220,203,175,218,203,167,163,189,168,166,189,208.0,230,208,224,172,220.0,171,173,178,227,159,222,191.0,220,244,171,212.0,212,148,196,168,167,213.0,241,266,226.0,288,2014,0.40625
189,204,227,203,207,214,194,193,188,204,200,Evansville,MVC,188,197,208,205,195,186,198,196,205,209,203,216,178,194,186,211,197,189,211,210,183,210,201,204,214.0,206,216,182,208,211.0,198,209,185,192,239,197,160.0,194,227,217,229.0,194,176,172,178,203,216.0,228,117,239.0,169,2014,0.42424242424242425
200,200,194,205,193,204,189,213,206,181,201,Bryant,NEC,206,188,205,190,187,210,195,227,212,196,214,224,212,182,204,210,213,208,206,183,218,200,208,200,177.0,178,173,220,205,171.0,213,201,203,193,179,229,266.0,167,165,193,170.0,223,255,154,265,237,150.0,170,186,151.0,248,2014,0.5625
194,221,189,204,188,210,208,209,220,202,202,Coastal Car,BSo,212,203,224,208,177,207,188,205,195,222,193,226,221,206,210,248,189,213,231,217,214,238,234,199,196.0,189,188,192,249,177.0,239,215,239,195,217,167,210.0,185,150,182,180.0,200,208,211,199,177,138.0,124,197,134.0,183,2014,0.6363636363636364
212,194,201,210,198,190,210,187,199,187,203,Youngstown St,HL,209,213,184,209,216,216,227,206,170,189,201,175,199,213,209,187,216,213,181,181,187,182,179,190,237.0,208,242,202,182,250.0,186,172,184,190,193,214,198.0,221,238,189,226.0,201,204,216,178,173,193.0,231,155,244.0,260,2014,0.46875
213,203,199,212,219,208,214,200,212,191,204,St Francis NY,NEC,217,195,201,201,211,221,206,223,219,199,183,207,222,188,217,212,223,220,201,173,233,204,211,196,186.0,193,193,219,206,202.0,219,204,204,221,181,235,225.0,184,181,155,184.0,191,185,204,199,273,149.0,175,194,167.0,281,2014,0.5625
192,208,205,211,213,216,198,216,207,195,205,Montana,BSC,201,200,213,199,215,208,202,226,213,215,197,220,200,196,200,208,199,204,210,203,203,211,222,197,183.0,226,167,207,210,189.0,210,213,202,245,212,198,233.0,214,157,164,168.0,239,243,193,229,186,212.0,163,256,173.0,216,2014,0.5666666666666667
209,193,224,179,192,202,185,189,178,240,206,TCU,B12,181,194,197,203,186,169,189,204,207,238,252,203,169,219,160,199,171,148,196,231,159,197,192,251,212.0,235,222,210,196,249.0,178,232,206,172,264,175,232.0,183,255,282,244.0,231,251,212,229,199,318.0,268,116,271.0,90,2014,0.2903225806451613
191,206,203,208,225,209,203,212,226,196,207,N Colorado,BSC,203,211,211,191,223,225,213,220,202,226,228,222,205,209,213,192,210,213,207,189,200,201,212,176,205.0,238,217,191,198,206.0,204,202,219,218,191,205,239.0,242,184,147,199.0,249,240,187,217,200,180.0,168,233,164.0,246,2014,0.5806451612903226
201,213,193,213,199,211,224,221,234,192,208,Hampton,MEAC,225,208,216,226,208,224,201,241,222,219,179,213,237,212,234,235,221,234,220,228,238,217,219,202,204.0,187,202,185,232,197.0,228,214,235,230,215,221,213.0,201,161,173,203.0,224,215,217,217,201,173.0,142,209,137.0,197,2014,0.6
204,205,207,215,221,207,201,214,198,214,209,Bowling Green,MAC,200,217,210,229,202,198,215,224,204,223,239,201,188,210,193,194,205,194,205,208,186,202,198,210,194.0,202,198,216,195,209.0,200,203,212,175,195,220,236.0,240,235,227,209.0,221,236,221,217,244,215.0,239,217,242.0,190,2014,0.375
221,219,242,195,212,243,186,223,203,223,210,North Texas,CUSA,187,199,230,207,200,188,183,215,240,233,222,259,196,191,184,238,179,182,232,213,196,235,232,205,195.0,195,187,181,234,181.0,221,269,233,229,235,173,245.0,213,186,213,177.0,248,274,186,253,225,209.0,191,173,200.0,143,2014,0.5
210,238,180,228,209,215,231,222,228,193,211,VMI,BSo,238,220,225,218,219,237,223,222,206,194,191,197,231,215,237,237,214,227,229,247,230,236,244,218,211.0,212,189,197,257,218.0,257,218,259,198,258,186,185.0,199,177,177,183.0,198,174,218,136,242,144.0,158,203,143.0,187,2014,0.6129032258064516
229,224,200,219,208,213,225,230,236,203,212,Winthrop,BSo,232,212,234,197,197,223,203,210,208,224,209,230,233,208,224,245,201,231,242,242,236,243,240,198,168.0,194,174,208,247,174.0,253,228,249,212,227,177,228.0,211,159,233,149.0,227,226,200,178,222,170.0,134,199,136.0,200,2014,0.6060606060606061
220,207,202,224,215,198,223,199,201,210,213,Detroit,HL,211,219,198,217,231,219,241,203,200,197,204,185,201,224,218,195,225,213,191,201,188,198,193,208,230.0,220,235,225,194,238.0,192,182,173,209,204,230,219.0,243,250,229,235.0,206,198,208,148,193,233.0,245,176,254.0,256,2014,0.40625
207,212,209,214,222,217,217,220,211,216,214,UT Arlington,SBC,207,202,214,204,203,203,210,197,215,213,225,211,213,218,206,215,200,198,213,218,210,218,213,225,199.0,196,204,214,217,205.0,225,217,215,169,218,199,220.0,208,220,255,208.0,235,211,182,229,250,211.0,223,181,225.0,188,2014,0.46875
208,220,219,227,197,219,229,206,205,205,215,Mt St Mary's,NEC,224,209,215,223,225,220,220,183,243,188,221,206,229,203,227,234,240,234,218,215,254,227,231,237,189.0,200,201,245,231,207.0,241,226,210,220,197,250,149.0,173,206,204,201.0,186,139,215,199,174,241.0,200,189,205.0,226,2014,0.5
214,211,217,201,200,201,218,218,222,211,216,Col Charleston,CAA,213,226,199,233,226,229,232,229,210,205,219,194,209,235,220,184,232,221,190,200,201,185,186,201,242.0,236,243,212,177,233.0,183,192,183,247,176,237,240.0,250,236,195,254.0,195,234,174,178,183,204.0,238,142,223.0,289,2014,0.4375
203,216,236,202,223,221,204,202,221,212,217,East Carolina,CUSA,202,221,227,227,209,209,212,221,238,245,188,237,208,214,207,202,196,208,226,195,206,216,210,188,216.0,215,227,190,211,224.0,206,216,198,208,203,191,221.0,235,219,206,197.0,215,214,178,229,272,191.0,214,201,219.0,223,2014,0.5151515151515151
218,210,228,209,226,203,212,203,196,236,218,Fordham,A10,193,214,206,212,207,201,217,198,191,204,253,218,192,225,214,213,224,191,204,211,184,209,205,258,226.0,233,226,234,204,240.0,193,220,208,189,216,234,181.0,222,247,275,252.0,188,194,213,229,243,281.0,263,190,263.0,175,2014,0.3225806451612903
241,223,251,217,220,249,197,232,214,228,219,Florida Intl,CUSA,216,206,237,211,221,195,199,233,232,225,185,244,216,231,194,236,203,208,241,251,216,244,237,234,202.0,204,200,203,235,195.0,231,253,223,226,261,209,170.0,225,197,231,213.0,203,179,205,178,247,201.0,202,200,206.0,154,2014,0.4838709677419355
231,217,225,216,229,229,219,234,219,225,220,Ark Little Rock,SBC,231,204,220,206,206,206,207,209,224,227,230,214,243,252,212,220,202,197,224,249,219,223,217,227,187.0,188,182,200,222,191.0,230,241,228,206,236,195,212.0,215,199,254,214.0,219,186,237,217,265,205.0,205,179,217.0,244,2014,0.46875
223,215,221,223,227,206,230,195,209,213,221,Northeastern,CAA,221,231,204,239,232,230,244,202,218,203,250,212,210,227,223,205,249,221,200,174,199,199,199,212,222.0,244,219,249,200,219.0,199,197,197,253,175,253,227.0,241,248,220,219.0,199,206,202,229,211,221.0,253,273,245.0,259,2014,0.34375
236,235,215,225,236,238,211,226,229,230,222,ETSU,ASC,222,224,241,235,213,211,205,235,246,237,190,240,223,202,211,258,209,204,251,245,221,251,252,221,206.0,219,196,213,259,190.0,249,248,257,213,233,207,204.0,217,170,192,193.0,210,193,220,229,241,197.0,167,221,175.0,207,2014,0.5454545454545454
211,218,245,218,214,212,216,210,208,220,223,Bradley,MVC,205,241,212,253,243,212,231,259,214,210,196,208,191,245,208,206,229,207,209,223,208,205,202,206,265.0,251,269,246,202,259.0,194,207,199,243,228,236,208.0,223,251,228,286.0,202,203,209,199,182,257.0,250,198,252.0,199,2014,0.375
230,209,222,226,233,223,213,246,215,232,224,Rider,MAAC,218,207,217,215,218,215,214,212,241,221,241,227,220,217,215,221,237,212,214,232,231,212,223,244,198.0,207,194,222,218,200.0,217,211,213,232,225,252,252.0,210,205,239,207.0,228,253,226,229,236,238.0,222,252,196.0,214,2014,0.45161290322580644
216,214,223,221,237,194,258,217,252,208,225,Colgate,PL,261,257,188,255,257,267,261,238,203,182,218,187,256,262,267,177,275,271,178,186,235,177,189,173,256.0,259,254,263,173,262.0,187,190,190,261,172,284,202.0,269,252,198,255.0,184,161,157,168,163,217.0,256,246,213.0,290,2014,0.41935483870967744
219,222,216,229,217,222,243,235,243,217,226,Morgan St,MEAC,239,237,223,249,239,241,235,228,227,220,247,219,240,246,245,241,244,246,227,237,256,228,226,214,225.0,228,221,240,238,215.0,236,222,230,236,226,245,205.0,219,213,232,221.0,220,222,206,178,172,199.0,208,205,185.0,257,2014,0.4838709677419355
243,234,220,233,231,235,221,227,227,247,227,North Dakota,BSC,219,223,248,222,229,218,222,218,236,248,234,241,218,221,216,244,217,225,252,224,207,252,258,233,197.0,239,213,233,246,199.0,246,234,240,240,213,213,243.0,218,200,202,224.0,259,237,234,229,214,208.0,192,238,218.0,209,2014,0.5151515151515151
233,232,214,231,210,224,239,237,240,234,228,SE Missouri St,OVC,237,243,233,248,238,238,234,230,237,235,229,229,236,237,241,223,230,231,238,241,222,234,235,250,257.0,237,256,244,237,248.0,237,208,236,211,234,224,206.0,200,222,183,253.0,233,210,254,199,190,189.0,210,162,191.0,236,2014,0.5625
224,242,210,235,218,220,247,229,246,200,229,UNC Asheville,BSo,246,245,247,243,235,250,242,240,211,214,227,223,249,236,252,259,239,255,248,235,255,249,242,216,201.0,229,203,242,254,213.0,258,221,243,235,241,212,200.0,230,208,221,215.0,213,205,183,168,233,165.0,186,285,204.0,222,2014,0.53125
225,237,231,234,230,237,246,239,242,227,230,W Carolina,SC,235,233,235,221,233,245,238,219,234,234,226,228,250,228,246,252,228,243,240,243,253,248,227,219,221.0,217,225,237,256,226.0,254,224,245,201,223,215,207.0,224,210,249,196.0,207,197,262,217,176,186.0,189,222,186.0,273,2014,0.5588235294117647
238,231,247,220,232,228,207,207,216,266,231,Air Force,MWC,198,227,232,216,220,200,224,208,220,262,231,235,195,233,199,216,206,193,230,234,213,231,230,253,250.0,248,251,218,225,247.0,205,240,209,241,269,210,201.0,254,249,266,267.0,222,227,290,229,257,236.0,254,225,264.0,129,2014,0.4
234,225,246,236,245,233,233,211,218,245,232,CS Northridge,BWC,223,228,219,213,255,233,247,199,251,212,215,204,215,230,229,225,233,225,215,225,241,221,225,238,253.0,249,255,227,228,257.0,216,237,211,267,214,240,174.0,237,242,194,238.0,217,159,293,178,209,243.0,230,263,249.0,282,2014,0.4857142857142857
222,228,237,207,238,242,222,238,237,229,233,TAM C. Christi,SLC,230,236,228,257,244,213,208,260,230,216,232,239,242,253,225,250,215,231,234,262,227,250,243,211,248.0,209,240,232,251,229.0,235,267,247,259,249,208,215.0,188,198,215,236.0,244,238,259,199,192,194.0,182,287,172.0,201,2014,0.53125
227,233,238,232,240,226,234,248,239,237,234,E Washington,BSC,229,247,229,240,247,243,246,237,226,228,207,233,225,244,238,230,242,241,223,238,211,226,238,217,228.0,254,224,230,229,223.0,226,238,237,246,243,242,257.0,257,228,172,231.0,245,239,189,199,198,197.0,219,230,212.0,253,2014,0.4838709677419355
245,236,234,240,211,234,249,231,231,224,235,Army,PL,252,238,218,231,241,251,250,216,231,231,240,217,244,238,249,228,254,252,225,220,280,233,241,243,235.0,243,237,248,226,225.0,238,231,207,238,232,259,193.0,198,229,234,225.0,208,207,219,229,212,225.0,226,241,203.0,196,2014,0.4838709677419355
235,260,229,248,239,246,241,249,241,226,236,High Point,BSo,245,234,260,242,227,239,226,239,244,232,211,253,258,226,242,276,222,243,266,259,265,269,271,232,172.0,213,171,217,277,186.0,282,254,269,231,265,202,217.0,228,192,258,179.0,218,212,181,199,254,185.0,156,249,193.0,186,2014,0.5333333333333333
228,226,226,239,216,241,220,250,213,231,237,Grand Canyon,WAC,214,218,240,219,230,217,228,213,254,239,243,231,217,207,219,232,220,213,247,248,239,246,248,229,203.0,223,191,238,242,216.0,245,256,244,203,266,219,256.0,195,195,207,,265,245,229,265,205,,218,239,208.0,212,2014,0.5172413793103449
240,264,261,230,228,274,196,269,210,260,238,Tulane,CUSA,197,205,277,200,194,185,177,207,265,283,208,284,204,197,185,282,183,182,284,277,232,283,284,286,223.0,203,220,198,281,175.0,277,290,270,244,272,182,241.0,175,183,261,205.0,263,275,241,287,296,248.0,184,187,214.0,94,2014,0.5151515151515151
249,227,243,247,253,230,235,224,225,243,239,Marist,MAAC,241,240,221,245,246,240,248,243,245,207,233,210,232,251,239,227,256,237,222,216,259,224,236,266,249.0,246,250,256,219,239.0,212,235,222,242,210,271,230.0,238,246,240,237.0,193,168,253,178,232,259.0,257,244,243.0,243,2014,0.3870967741935484
244,239,240,243,243,240,248,245,238,221,240,Hartford,AEC,259,244,238,236,242,253,245,236,235,229,206,236,259,247,253,249,260,257,239,255,264,242,249,248,234.0,227,236,254,245,231.0,252,230,238,216,224,264,222.0,244,216,242,239.0,205,195,238,217,234,235.0,217,219,169.0,208,2014,0.5151515151515151
252,230,241,251,258,244,236,228,224,252,241,St Peter's,MAAC,240,225,236,228,237,235,237,214,267,240,235,234,246,232,236,247,253,234,236,230,247,241,251,267,231.0,231,234,221,239,227.0,240,249,252,222,240,263,234.0,227,232,214,220.0,226,231,242,253,235,268.0,237,243,230.0,220,2014,0.45161290322580644
251,252,208,242,234,236,245,265,258,222,242,Radford,BSo,253,239,267,220,222,249,229,253,223,255,224,262,260,234,248,255,227,251,269,269,269,265,266,247,240.0,214,245,204,271,232.0,275,236,275,228,253,206,264.0,253,190,200,217.0,260,261,235,229,289,162.0,159,211,131.0,231,2014,0.6363636363636364
247,243,233,238,249,252,238,233,244,255,243,North Florida,ASC,236,230,266,225,217,228,219,244,269,261,248,273,255,223,232,272,226,227,265,233,248,264,259,261,190.0,211,190,211,270,196.0,272,252,262,215,250,217,235.0,247,202,278,210.0,252,233,266,229,271,203.0,206,232,221.0,213,2014,0.5
226,244,235,244,235,251,252,260,251,233,244,TX Southern,SWAC,248,250,254,254,249,242,239,231,259,250,256,242,269,239,256,261,243,250,259,256,274,262,246,246,239.0,232,231,251,258,243.0,262,259,264,225,211,238,182.0,231,207,179,222.0,274,173,277,199,238,196.0,201,235,177.0,284,2014,0.5757575757575758
232,241,254,241,244,253,227,240,223,246,245,Idaho,WAC,228,235,243,232,252,227,240,211,266,244,251,251,219,229,222,253,231,221,255,258,234,256,256,269,238.0,255,233,235,255,234.0,242,265,242,270,242,241,226.0,207,230,208,240.0,266,224,236,253,263,245.0,220,257,232.0,254,2014,0.47058823529411764
255,257,232,255,251,258,237,256,233,248,246,Tennessee Tech,OVC,234,232,268,237,224,222,225,225,253,263,260,269,230,222,221,269,219,218,276,267,245,276,273,263,215.0,221,212,215,275,210.0,276,258,274,237,260,211,253.0,209,203,259,200.0,277,260,256,253,278,200.0,195,224,209.0,191,2014,0.5294117647058824
239,249,244,254,248,262,253,243,260,244,247,Norfolk St,MEAC,249,248,256,238,240,252,243,234,261,254,205,245,267,242,259,263,246,255,258,239,267,259,265,249,227.0,224,229,241,262,222.0,271,260,260,248,237,239,231.0,255,212,226,218.0,251,232,228,229,224,176.0,187,291,183.0,238,2014,0.5757575757575758
217,247,239,222,224,260,228,244,255,218,248,Incarnate Word,SLC,226,229,263,210,178,226,204,245,242,246,220,266,238,195,231,274,167,218,268,272,225,275,268,222,,201,228,129,278,244.0,269,292,271,114,341,135,,204,194,197,,309,273,294,265,245,,149,218,,242,2014,0.7777777777777778
246,254,213,245,247,231,260,253,266,241,249,Gardner Webb,BSo,262,255,255,252,236,258,252,258,221,243,237,246,268,256,263,260,241,265,257,253,252,261,247,239,241.0,234,247,239,264,237.0,267,212,258,234,248,223,270.0,258,233,222,234.0,240,235,257,217,279,167.0,204,286,189.0,228,2014,0.5454545454545454
258,258,248,256,241,271,240,263,235,250,250,Lipscomb,ASC,242,242,264,244,228,232,233,250,281,260,254,272,252,216,233,277,236,227,274,271,246,274,270,257,209.0,225,210,226,273,212.0,281,273,272,214,271,233,249.0,202,211,260,194.0,261,229,255,253,276,267.0,211,231,202.0,193,2014,0.5
253,240,249,252,252,248,244,262,253,238,251,Lehigh,PL,255,246,245,234,250,255,255,249,263,251,242,258,257,240,251,243,261,252,250,236,273,237,245,231,236.0,247,238,229,241,246.0,248,225,205,256,230,275,251.0,232,234,230,242.0,238,264,247,229,246,246.0,235,247,236.0,235,2014,0.4375
237,229,256,237,254,239,250,254,256,257,252,ULM,SBC,243,252,244,246,253,244,253,255,233,271,264,232,254,257,244,229,247,237,244,250,223,222,215,224,244.0,245,246,261,230,255.0,232,250,268,266,263,243,250.0,248,258,279,257.0,253,250,263,253,255,218.0,252,212,258.0,240,2014,0.37037037037037035
248,261,257,246,246,261,232,251,247,261,253,Portland St,BSC,233,249,271,230,245,236,236,242,256,269,217,270,227,249,230,268,234,239,272,266,224,273,275,241,252.0,258,263,250,269,236.0,256,271,266,273,267,227,244.0,246,241,196,230.0,283,257,260,253,196,224.0,199,276,224.0,232,2014,0.5483870967741935
260,248,250,250,257,257,242,259,248,263,254,Northern Arizona,BSC,244,253,253,247,258,246,254,251,252,259,268,261,248,258,240,240,251,246,246,261,243,253,257,270,247.0,257,248,252,244,235.0,247,264,265,275,246,248,247.0,259,240,212,243.0,262,248,272,217,227,238.0,233,248,215.0,205,2014,0.46875
270,246,252,249,266,227,267,236,269,259,255,Dartmouth,Ivy,269,265,231,258,259,270,264,246,225,241,265,238,266,271,273,222,268,277,219,246,229,219,220,213,266.0,260,268,262,223,263.0,222,210,234,254,276,272,237.0,291,261,243,251.0,214,213,269,217,267,214.0,260,268,229.0,286,2014,0.42857142857142855
250,245,260,257,250,232,255,241,249,239,256,CS Bakersfield,WAC,260,261,222,263,270,263,267,247,239,230,262,225,234,260,257,219,265,257,221,226,249,220,228,242,279.0,274,280,268,213,284.0,218,227,229,288,206,269,260.0,245,270,216,261.0,267,263,280,265,230,263.0,269,245,256.0,305,2014,0.40625
269,263,204,263,260,225,287,242,294,253,257,Charleston So,BSo,288,294,226,288,267,300,291,287,209,236,259,215,286,297,307,203,285,313,216,205,258,215,214,194,268.0,279,270,266,220,273.0,233,142,216,268,238,261,271.0,300,278,219,260.0,216,217,227,136,195,183.0,270,293,262.0,342,2014,0.41935483870967744
261,250,253,264,261,247,268,252,232,249,258,South Dakota,SL,251,251,246,241,251,247,258,248,229,258,263,252,228,241,243,251,248,243,256,240,250,255,250,252,255.0,256,257,253,250,258.0,255,251,232,217,268,246,257.0,233,263,276,246.0,257,259,270,253,268,249.0,258,237,285.0,234,2014,0.4
242,259,262,253,263,245,266,247,264,258,259,Marshall,CUSA,250,273,239,276,261,265,270,263,228,257,249,243,239,270,264,218,264,257,228,229,228,225,218,235,276.0,273,277,269,216,280.0,220,219,224,250,208,262,261.0,282,283,272,262.0,236,269,232,229,269,247.0,294,281,286.0,272,2014,0.3333333333333333
266,253,265,259,262,255,251,258,250,267,260,CS Fullerton,BWC,247,258,250,251,279,254,266,257,258,253,258,249,226,261,250,226,262,246,237,252,244,230,229,256,286.0,269,285,274,221,282.0,224,247,226,289,244,268,246.0,266,274,248,277.0,258,241,274,253,239,261.0,274,259,272.0,269,2014,0.3548387096774194
256,251,263,260,255,250,256,264,257,262,261,Seattle,WAC,257,260,242,262,263,264,263,261,248,242,266,250,245,259,255,239,258,252,235,254,261,240,255,240,267.0,271,261,264,233,274.0,234,242,246,292,259,258,286.0,261,259,225,256.0,271,272,278,275,253,253.0,248,253,240.0,283,2014,0.43333333333333335
265,262,255,265,242,265,257,266,245,265,262,James Madison,CAA,254,254,262,256,254,248,256,256,264,265,269,267,253,248,247,265,257,246,263,264,240,263,262,277,233.0,253,239,270,263,253.0,266,257,248,251,254,257,262.0,234,257,271,245.0,255,267,276,275,258,262.0,262,207,270.0,252,2014,0.3548387096774194
264,265,267,261,273,254,264,219,263,254,263,FL Atlantic,CUSA,264,276,257,275,268,269,272,271,247,247,244,247,247,274,268,233,267,261,243,202,237,239,233,262,270.0,284,271,276,236,278.0,227,245,231,280,219,274,263.0,297,291,253,278.0,232,268,231,229,260,223.0,301,278,291.0,239,2014,0.3125
273,267,258,273,270,256,280,255,262,242,264,Lafayette,PL,280,267,251,266,274,281,284,254,249,211,246,257,277,268,279,254,292,285,249,221,291,254,260,264,258.0,268,259,286,248,265.0,263,243,221,276,231,302,211.0,276,268,270,265.0,229,220,239,229,197,274.0,272,255,261.0,229,2014,0.3548387096774194
263,275,259,267,256,272,259,271,267,256,265,Chattanooga,SC,266,256,283,260,248,259,251,269,260,273,245,280,274,255,261,284,250,266,286,281,284,290,283,279,243.0,241,252,247,288,242.0,287,272,285,219,281,226,254.0,239,245,246,223.0,268,280,282,275,223,219.0,203,213,210.0,251,2014,0.5625
257,256,266,258,271,263,270,257,270,264,266,South Alabama,SBC,263,269,249,268,260,268,269,264,250,264,270,254,264,278,270,231,266,263,233,244,220,229,216,228,280.0,270,284,271,224,283.0,229,244,241,252,251,255,254.0,292,282,264,274.0,250,258,169,265,277,240.0,279,321,295.0,287,2014,0.3548387096774194
254,255,270,262,267,259,254,225,254,269,267,Loyola-Chicago,MVC,258,268,252,273,276,261,268,267,262,252,257,255,235,266,260,224,271,257,245,222,242,232,224,260,288.0,281,292,279,227,292.0,223,239,214,295,245,270,248.0,264,286,252,307.0,243,254,246,253,218,280.0,297,292,307.0,266,2014,0.3125
268,271,264,270,264,267,262,270,265,272,268,CS Sacramento,BSC,265,264,272,259,264,266,265,272,270,267,236,264,261,264,262,266,263,269,270,275,277,270,277,268,263.0,277,262,259,268,261.0,268,275,267,269,280,256,267.0,263,254,223,249.0,269,270,230,229,256,226.0,243,261,241.0,233,2014,0.4666666666666667
267,266,273,266,265,266,273,267,275,271,269,Troy,SBC,275,274,261,274,273,276,281,274,257,249,261,248,275,284,276,242,270,271,254,257,263,245,239,265,285.0,276,288,277,243,290.0,243,262,254,282,255,265,274.0,302,288,241,271.0,241,252,271,229,259,256.0,284,227,289.0,300,2014,0.3548387096774194
259,268,269,272,274,264,274,261,273,251,270,Idaho St,BSC,277,280,258,278,291,284,288,275,255,256,267,256,265,285,278,246,283,285,253,227,260,247,254,245,287.0,301,296,283,240,289.0,244,255,261,298,257,285,269.0,293,284,218,275.0,275,266,252,253,217,254.0,282,279,293.0,306,2014,0.3793103448275862
272,269,271,268,268,268,275,268,268,274,271,Hofstra,CAA,271,272,259,280,266,271,274,268,268,266,288,263,273,273,275,257,282,271,260,260,262,258,264,254,277.0,278,279,291,252,276.0,250,270,263,279,221,292,241.0,265,276,267,297.0,242,256,264,265,270,270.0,289,282,288.0,294,2014,0.30303030303030304
271,277,268,275,259,283,265,293,272,268,272,Alabama St,SWAC,267,259,294,261,256,257,249,273,288,299,276,297,282,250,265,300,245,263,303,313,298,304,294,291,254.0,240,253,243,302,252.0,303,312,316,233,310,231,302.0,249,225,244,232.0,337,318,317,316,332,230.0,194,240,207.0,224,2014,0.6129032258064516
276,274,280,271,276,279,261,272,261,270,273,Missouri KC,WAC,268,262,279,270,285,260,260,265,274,272,292,279,263,265,258,283,269,266,280,282,271,280,282,283,251.0,265,249,293,279,251.0,270,293,283,320,278,278,281.0,262,260,277,287.0,292,278,249,287,275,289.0,259,250,260.0,258,2014,0.3333333333333333
262,278,281,276,269,285,263,276,259,273,274,Chicago St,WAC,256,263,285,264,262,256,259,262,286,284,290,283,251,254,254,292,255,241,288,297,295,291,293,293,259.0,263,258,258,289,254.0,289,299,291,271,292,254,290.0,256,262,284,268.0,301,290,295,287,291,306.0,264,242,267.0,217,2014,0.40625
274,272,276,269,275,270,276,275,277,275,275,Penn,Ivy,278,277,269,267,284,280,282,266,271,270,296,271,276,288,281,256,296,280,261,273,257,257,263,273,284.0,289,286,296,253,275.0,251,246,251,290,273,301,278.0,289,290,301,295.0,234,276,233,265,295,276.0,296,267,294.0,227,2014,0.2857142857142857
284,273,272,280,277,269,283,278,279,280,276,W Illinois,SL,286,281,265,282,283,283,293,292,273,281,271,260,279,282,284,262,277,280,262,270,266,260,253,255,290.0,290,287,295,261,299.0,261,261,250,255,285,279,285.0,268,301,280,279.0,272,281,284,253,266,257.0,299,275,306.0,303,2014,0.3333333333333333
281,270,278,274,281,273,272,280,271,283,277,Monmouth NJ,MAAC,276,270,270,272,272,275,271,279,280,278,280,276,278,277,272,264,287,271,264,274,270,266,269,278,292.0,275,293,281,260,294.0,259,277,276,283,256,307,306.0,284,277,273,283.0,270,288,292,299,282,286.0,288,271,280.0,316,2014,0.34375
286,290,277,277,272,294,269,301,281,281,278,Nicholls St,SLC,272,266,303,271,265,262,257,281,303,292,279,301,283,263,266,315,252,261,311,320,286,315,313,309,262.0,250,266,255,317,272.0,311,311,308,239,320,247,284.0,260,256,294,248.0,308,298,322,275,229,266.0,236,269,251.0,247,2014,0.4827586206896552
280,287,279,289,282,288,271,283,274,277,279,Montana St,BSC,274,271,292,265,287,277,273,270,276,303,283,293,270,267,269,289,272,276,295,279,283,292,300,287,275.0,294,278,260,295,267.0,293,285,299,305,289,267,310.0,285,264,251,259.0,318,322,300,305,290,274.0,249,280,266.0,271,2014,0.45161290322580644
278,279,275,281,285,276,298,281,297,276,280,Savannah St,MEAC,298,293,282,297,282,293,285,294,278,277,287,274,306,300,309,285,290,310,279,289,294,281,278,276,273.0,266,273,289,283,268.0,284,282,278,263,277,283,276.0,301,275,283,266.0,273,265,291,275,252,273.0,273,305,246.0,291,2014,0.40625
282,281,274,279,279,280,278,285,276,293,281,C Michigan,MAC,273,278,281,287,278,272,279,288,284,288,284,281,272,281,271,280,273,269,281,287,272,282,281,282,294.0,285,294,288,282,310.0,280,263,280,258,293,280,282.0,271,298,303,290.0,280,282,303,287,307,303.0,304,272,310.0,276,2014,0.3225806451612903
277,283,285,284,283,275,290,277,283,279,282,UNC Wilmington,CAA,282,287,280,284,289,292,295,293,275,280,285,278,280,292,291,275,297,289,278,276,279,278,276,281,281.0,298,282,300,276,297.0,278,279,282,286,270,291,288.0,290,304,302,310.0,278,293,267,275,274,288.0,310,288,305.0,310,2014,0.28125
291,276,286,291,313,281,295,273,284,292,283,Fairfield,MAAC,301,302,273,301,295,298,302,289,291,274,297,277,289,310,300,273,319,300,271,263,278,268,274,275,289.0,307,290,318,266,305.0,265,266,253,302,247,327,259.0,313,306,292,304.0,246,247,244,275,264,293.0,314,270,315.0,297,2014,0.21875
275,284,289,288,280,278,284,282,278,278,284,UC Riverside,BWC,279,297,274,286,304,289,304,278,279,276,272,268,271,296,283,267,293,284,273,280,282,271,272,288,319.0,310,319,301,267,314.0,264,280,279,303,286,295,273.0,286,310,274,315.0,279,271,316,275,288,291.0,309,260,314.0,298,2014,0.3225806451612903
287,286,287,286,284,290,282,291,288,296,285,Loyola MD,PL,285,275,286,269,271,286,283,291,298,293,295,298,293,276,282,294,295,291,289,286,306,285,292,299,274.0,280,272,290,292,281.0,285,283,277,285,296,303,307.0,274,273,287,273.0,284,307,279,305,303,310.0,285,258,281.0,270,2014,0.36666666666666664
288,282,296,278,290,286,277,286,280,305,286,San Jose St,MWC,270,284,284,277,288,274,287,276,287,304,304,292,262,289,274,279,280,266,282,290,251,279,279,306,278.0,299,281,303,280,317.0,273,291,289,274,306,282,297.0,317,316,323,313.0,303,317,324,305,317,319.0,324,229,318.0,215,2014,0.22580645161290322
285,289,284,283,298,289,292,292,308,289,287,Coppin St,MEAC,292,286,295,285,281,287,278,284,293,291,303,295,304,299,302,297,288,297,292,294,302,293,291,280,261.0,261,265,275,296,260.0,297,295,307,299,284,287,291.0,314,269,293,263.0,299,297,275,299,294,305.0,266,309,257.0,318,2014,0.375
306,299,291,290,289,299,281,289,286,297,288,Jacksonville,ASC,290,283,300,289,277,278,275,302,294,297,273,304,291,280,280,314,281,278,304,309,299,309,307,296,282.0,283,283,278,312,271.0,308,298,301,277,319,277,277.0,283,271,298,282.0,286,283,301,287,306,301.0,271,299,277.0,268,2014,0.4
283,288,306,299,287,277,311,274,293,291,289,IL Chicago,HL,295,317,276,308,320,315,320,280,272,268,286,265,281,318,316,270,316,312,267,265,268,267,261,272,315.0,327,317,326,265,337.0,260,268,255,324,274,317,267.0,334,333,308,333.0,254,242,268,217,231,309.0,334,294,327.0,326,2014,0.1935483870967742
293,294,295,295,295,297,294,298,291,287,290,Austin Peay,OVC,283,289,289,293,298,294,294,283,292,289,293,287,284,290,287,296,289,285,291,292,293,296,296,285,305.0,304,305,287,297,296.0,296,289,300,304,294,288,291.0,280,289,265,301.0,305,296,285,287,300,272.0,281,298,292.0,296,2014,0.4
279,285,298,287,292,282,305,290,296,284,291,Texas St,SBC,294,308,278,311,302,299,308,301,277,282,281,275,285,314,305,271,299,295,277,285,281,272,267,274,307.0,309,310,313,272,315.0,274,278,281,287,283,296,295.0,315,318,310,320.0,276,289,251,275,261,283.0,318,317,313.0,314,2014,0.25806451612903225
292,297,290,305,300,308,293,306,301,286,292,Alabama A&M,SWAC,297,288,306,304,280,288,280,300,309,302,301,308,311,275,299,303,279,285,313,314,317,314,304,305,271.0,272,275,272,309,270.0,315,325,319,262,303,276,301.0,267,266,268,258.0,327,302,288,287,313,259.0,247,301,235.0,285,2014,0.4666666666666667
303,301,302,304,278,312,288,318,287,308,293,E Illinois,OVC,289,285,304,283,292,285,292,290,315,294,275,296,290,283,285,301,284,280,306,321,297,303,303,294,291.0,296,291,294,304,285.0,305,308,302,281,318,286,280.0,275,296,316,284.0,294,277,299,275,262,295.0,287,236,283.0,274,2014,0.36666666666666664
301,291,307,302,304,306,285,284,282,282,294,F Dickinson,NEC,296,282,287,281,308,297,296,282,297,279,289,286,296,279,290,286,307,292,287,288,304,287,295,302,269.0,286,274,307,285,279.0,291,310,297,315,287,318,305.0,295,287,285,288.0,297,292,245,316,301,299.0,293,313,279.0,301,2014,0.3225806451612903
304,296,288,301,294,292,308,305,309,285,295,Ga Southern,SC,314,304,293,306,294,313,301,295,285,290,277,294,313,309,311,298,298,315,293,293,303,297,287,290,303.0,288,309,280,298,295.0,301,281,298,265,282,289,265.0,296,293,269,280.0,282,285,311,265,249,269.0,278,312,259.0,317,2014,0.42424242424242425
305,280,300,292,326,287,302,279,285,290,296,Niagara,MAAC,303,301,275,299,310,305,310,285,283,275,307,282,287,306,298,278,318,300,275,268,287,277,280,284,302.0,311,300,319,274,319.0,279,276,256,307,252,329,274.0,298,312,290,303.0,264,279,281,299,293,316.0,319,274,321.0,319,2014,0.21212121212121213
297,315,283,285,291,307,279,310,298,298,297,New Orleans,SLC,281,279,323,279,269,273,262,299,290,314,313,324,299,269,277,329,259,275,327,324,289,328,329,320,260.0,262,260,257,329,266.0,319,327,335,260,339,251,331.0,277,265,307,281.0,332,337,305,326,319,281.0,251,311,247.0,218,2014,0.4230769230769231
294,295,293,282,302,311,286,303,305,303,298,McNeese St,SLC,284,292,314,302,290,279,276,311,306,308,312,310,301,287,288,317,274,279,314,310,288,313,311,307,272.0,267,264,282,313,269.0,313,317,310,264,300,260,308.0,272,281,317,291.0,317,304,296,299,299,292.0,276,307,301.0,264,2014,0.3548387096774194
290,312,303,293,288,302,296,295,304,302,299,UNC Greensboro,SC,287,295,311,296,275,290,286,309,289,315,274,311,300,294,289,309,276,289,315,311,301,316,308,316,301.0,292,298,265,314,286.0,310,313,312,296,307,266,304.0,270,279,286,292.0,293,311,313,287,318,265.0,277,284,273.0,277,2014,0.4375
300,298,292,307,301,295,297,288,307,300,300,Florida A&M,MEAC,304,291,302,292,293,296,290,297,302,301,294,306,309,295,304,305,291,302,308,301,307,302,302,301,294.0,282,289,267,306,288.0,302,301,314,284,295,290,296.0,288,280,288,264.0,300,310,330,299,304,285.0,275,306,287.0,265,2014,0.4375
289,314,299,309,310,319,289,309,299,299,301,Ark Pine Bluff,SWAC,293,290,319,298,286,282,277,307,321,324,308,319,312,272,292,323,278,280,325,326,311,325,320,328,264.0,264,267,273,324,264.0,328,332,327,272,315,273,294.0,273,272,330,276.0,334,316,273,316,328,290.0,265,296,269.0,255,2014,0.41935483870967744
299,305,294,308,307,284,320,297,321,295,302,Liberty,BSo,316,322,290,321,311,325,322,319,282,287,315,288,316,321,323,291,317,323,285,283,300,284,285,259,311.0,319,313,304,290,312.0,292,274,290,318,279,308,313.0,325,309,263,308.0,288,303,258,275,287,234.0,300,323,297.0,340,2014,0.34375
302,304,304,303,297,296,303,300,295,294,303,Edwardsville,OVC,309,307,297,305,312,309,307,304,301,286,278,289,298,305,306,299,302,306,294,299,308,300,298,304,320.0,312,320,298,299,303.0,294,297,292,312,301,297,298.0,307,308,295,309.0,304,291,286,265,305,308.0,308,297,311.0,299,2014,0.3548387096774194
296,292,297,297,314,298,309,294,316,288,304,Jackson St,SWAC,311,309,298,318,303,312,297,320,295,307,318,302,314,302,313,293,304,310,299,284,285,295,289,289,296.0,293,299,297,294,298.0,299,306,311,306,262,300,318.0,310,292,281,293.0,343,327,298,316,322,277.0,280,326,275.0,327,2014,0.3548387096774194
311,293,309,306,309,293,318,299,306,321,305,Ball St,MAC,300,320,291,319,299,302,313,317,296,310,317,290,292,320,312,281,303,292,290,298,276,289,286,292,309.0,314,312,321,284,323.0,286,288,286,257,305,310,279.0,320,328,334,314.0,289,287,265,287,324,314.0,336,262,339.0,279,2014,0.16666666666666666
298,309,326,294,318,318,291,302,300,314,306,UT San Antonio,CUSA,299,306,307,310,313,291,300,315,312,312,282,307,297,319,286,307,294,292,300,302,290,307,309,311,306.0,315,308,312,303,306.0,298,321,288,316,313,298,287.0,316,311,328,298.0,287,286,287,287,285,312.0,312,277,312.0,230,2014,0.26666666666666666
295,300,320,296,317,304,312,296,311,312,307,Rice,CUSA,291,316,301,313,309,308,309,314,311,318,314,299,288,316,308,288,301,295,297,291,275,288,290,297,299.0,321,297,316,287,316.0,283,307,296,313,291,299,293.0,329,320,321,300.0,291,301,261,305,315,294.0,323,319,326.0,250,2014,0.23333333333333334
316,313,313,315,311,317,299,307,292,315,308,Central Conn,NEC,306,296,310,290,307,304,303,286,329,296,291,313,308,286,294,313,311,302,309,308,320,312,317,312,293.0,302,295,299,316,287.0,318,305,303,335,308,319,289.0,303,295,304,270.0,296,284,325,305,327,300.0,291,316,284.0,278,2014,0.36666666666666664
310,308,301,298,296,303,301,320,315,301,309,SE Louisiana,SLC,305,305,313,307,300,295,289,321,310,305,305,316,307,298,301,325,286,297,312,323,292,318,314,314,318.0,291,303,284,318,311.0,306,315,313,291,321,281,309.0,287,297,299,285.0,319,309,327,299,284,296.0,283,336,296.0,293,2014,0.4
317,311,310,318,286,316,306,315,289,309,310,St Francis PA,NEC,313,298,315,295,305,301,305,277,323,306,311,309,305,293,295,311,315,306,316,305,310,310,316,324,297.0,300,304,309,311,291.0,317,314,317,309,297,323,283.0,281,299,296,272.0,302,299,309,326,325,311.0,306,303,282.0,263,2014,0.3225806451612903
308,302,314,310,293,301,300,313,290,304,311,TX Pan American,WAC,308,310,296,312,321,306,315,298,304,295,300,291,295,304,293,295,310,302,296,303,316,294,299,295,312.0,318,311,317,293,313.0,290,303,304,331,290,316,303.0,294,317,300,321.0,315,305,307,316,298,316.0,315,300,304.0,295,2014,0.28125
320,306,282,314,299,291,314,312,312,311,312,NJIT,I Ind,318,303,305,294,297,317,311,308,299,311,306,312,319,301,315,310,306,317,302,306,318,301,306,318,308.0,295,307,292,308,293.0,312,284,294,300,325,305,315.0,304,303,291,289.0,307,308,342,229,312,278.0,307,329,274.0,343,2014,0.4482758620689655
315,307,311,311,323,300,325,287,319,320,313,Tennessee St,OVC,319,328,288,332,322,320,324,310,308,285,319,285,317,326,325,290,326,321,283,278,305,286,288,271,300.0,330,302,335,286,308.0,288,286,284,321,275,324,272.0,323,326,314,326.0,285,262,304,265,308,302.0,329,304,330.0,309,2014,0.16666666666666666
309,303,308,300,303,309,304,308,314,310,314,N Kentucky,ASC,310,311,299,316,306,303,299,318,307,313,316,305,302,308,303,302,308,302,298,296,296,299,297,303,310.0,308,306,311,300,307.0,295,294,287,311,298,312,317.0,308,294,297,325.0,298,306,312,287,302,,302,310,302.0,348,2014,0.3
314,317,305,312,315,314,313,317,310,316,315,MA Lowell,AEC,317,300,318,291,296,311,298,296,305,325,309,318,315,303,310,318,312,314,320,322,315,319,318,326,283.0,287,276,302,319,277.0,320,320,321,294,329,315,300.0,299,285,320,,281,300,326,326,297,,286,327,276.0,261,2014,0.35714285714285715
312,322,321,319,305,321,316,326,318,313,316,Samford,SC,315,313,321,314,301,316,312,312,320,316,302,317,318,311,317,327,300,316,322,325,322,326,321,310,313.0,303,314,285,328,304.0,324,323,318,278,323,293,299.0,279,302,306,294.0,295,312,314,305,311,287.0,290,234,290.0,308,2014,0.3939393939393939
322,310,312,320,312,305,319,319,317,307,317,Navy,PL,322,315,308,309,319,324,321,316,317,300,298,303,320,317,319,287,327,323,301,300,328,298,301,298,321.0,317,321,322,291,327.0,304,287,305,310,299,336,314.0,318,313,313,322.0,290,294,283,287,283,307.0,313,330,308.0,307,2014,0.3
319,319,322,313,316,315,307,304,302,326,318,UC Davis,BWC,302,312,309,303,323,307,317,305,313,317,299,314,294,312,297,308,305,297,305,317,309,308,312,322,326.0,325,327,314,305,325.0,300,304,295,326,322,311,312.0,306,321,309,316.0,310,313,310,305,280,333.0,321,290,325.0,292,2014,0.2903225806451613
324,318,317,317,325,320,310,314,303,319,319,Long Island,NEC,312,299,316,300,314,310,306,303,328,320,323,323,310,291,296,316,313,306,318,295,312,317,319,323,298.0,306,301,315,315,302.0,321,309,293,322,304,322,320.0,278,300,305,299.0,311,332,308,335,326,314.0,305,318,300.0,313,2014,0.3103448275862069
307,316,315,316,306,313,317,322,313,306,320,Jacksonville St,OVC,307,314,312,315,315,314,316,306,316,309,321,300,303,307,314,306,309,306,310,318,314,305,305,315,317.0,313,318,310,307,318.0,309,296,309,301,312,309,321.0,312,314,318,306.0,321,328,328,316,320,313.0,311,295,309.0,320,2014,0.3225806451612903
323,321,323,321,319,324,322,323,324,322,321,Campbell,BSo,326,318,322,317,317,322,319,327,318,329,333,326,326,323,320,332,320,326,323,315,321,322,323,300,316.0,316,316,305,325,309.0,326,322,323,327,316,306,330.0,311,305,319,302.0,320,331,302,316,292,279.0,292,308,303.0,321,2014,0.375
318,323,319,328,308,323,321,328,320,317,322,Alcorn St,SWAC,321,319,326,320,316,319,318,324,324,323,322,322,325,313,321,322,314,318,328,331,331,327,325,313,314.0,297,315,306,327,300.0,327,328,336,293,327,304,336.0,309,307,289,305.0,344,330,320,333,340,297.0,303,324,299.0,302,2014,0.3870967741935484
313,325,318,323,324,325,315,316,322,318,323,Prairie View,SWAC,320,321,327,324,318,318,314,313,325,321,343,327,324,315,322,328,321,318,331,329,338,332,330,321,304.0,305,322,308,332,301.0,331,334,328,308,309,313,316.0,305,315,322,296.0,341,295,297,316,337,298.0,298,302,298.0,331,2014,0.3235294117647059
321,320,316,324,322,310,329,311,329,323,324,Delaware St,MEAC,329,327,320,330,326,329,327,331,300,322,310,315,330,333,332,312,329,332,317,312,319,311,310,317,329.0,324,332,324,310,321.0,307,300,315,319,302,325,311.0,331,322,311,324.0,312,314,306,305,286,284.0,322,341,316.0,332,2014,0.3
326,324,328,326,331,329,326,325,326,324,325,UMBC,AEC,328,323,325,322,324,327,325,323,327,326,324,328,327,324,326,320,333,328,321,316,326,320,324,327,327.0,320,329,327,320,322.0,323,324,324,317,314,339,334.0,322,319,325,311.0,323,333,331,335,341,322.0,316,344,323.0,304,2014,0.3
328,327,330,325,320,327,327,329,328,327,326,TN Martin,OVC,324,332,324,334,331,328,330,326,331,319,320,321,323,330,328,324,328,326,319,330,324,323,322,325,332.0,333,328,331,322,333.0,316,326,320,329,324,328,328.0,330,332,333,319.0,322,325,319,305,336,341.0,331,314,322.0,341,2014,0.25806451612903225
327,328,325,327,327,322,328,321,327,329,327,IUPUI,SL,323,333,328,326,327,326,329,325,319,328,337,333,321,329,327,319,324,321,326,319,313,324,328,319,322.0,341,323,333,323,335.0,325,319,330,333,330,320,341.0,340,336,336,327.0,338,339,323,333,338,325.0,335,289,341.0,311,2014,0.1875
325,331,327,322,328,331,324,335,330,331,328,Cent Arkansas,SLC,325,325,331,327,329,323,323,333,330,327,332,332,329,325,324,335,322,325,332,343,323,337,336,333,328.0,332,334,320,336,320.0,330,333,329,328,343,314,326.0,326,325,329,317.0,335,329,315,326,281,323.0,317,335,317.0,324,2014,0.27586206896551724
331,326,333,333,336,326,334,327,325,325,329,Sacred Heart,NEC,332,335,317,335,345,341,344,322,333,298,331,320,328,327,335,304,344,334,307,304,341,306,315,329,338.0,337,338,348,301,341.0,314,302,306,349,288,351,322.0,339,340,312,342.0,306,315,345,305,310,331.0,346,322,332.0,351,2014,0.16129032258064516
329,335,329,334,329,328,339,333,337,332,330,Appalachian St,SC,330,338,330,340,328,340,337,336,322,331,325,325,332,337,339,326,332,338,330,327,329,329,327,308,335.0,334,336,329,326,331.0,332,316,325,314,328,321,326.0,324,335,324,335.0,313,326,321,305,309,304.0,332,338,331.0,337,2014,0.3
333,332,335,329,333,335,323,331,323,330,331,Stetson,ASC,327,324,333,325,332,321,326,332,345,335,329,339,322,322,318,336,325,320,339,334,332,336,334,336,333.0,329,331,334,337,330.0,338,331,334,334,334,334,332.0,319,324,331,339.0,330,336,341,335,344,332.0,327,331,333.0,312,2014,0.22580645161290322
339,334,338,337,335,336,333,332,331,336,332,Binghamton,AEC,338,331,335,328,338,334,333,330,337,333,327,334,333,334,333,330,342,332,333,332,342,331,338,339,325.0,331,326,340,330,328.0,335,338,338,347,332,344,324.0,338,327,338,334.0,326,323,318,335,316,337.0,326,347,319.0,315,2014,0.23333333333333334
338,330,337,342,345,332,337,324,338,333,333,New Hampshire,AEC,344,339,329,337,341,343,342,329,326,330,328,330,337,341,342,321,345,343,324,307,325,321,326,330,340.0,344,340,342,321,334.0,322,318,326,345,311,349,337.0,351,338,315,318.0,314,324,339,326,335,326.0,337,351,335.0,347,2014,0.2
332,329,331,338,337,333,335,334,336,335,334,NC A&T,MEAC,331,330,339,331,333,333,331,337,335,341,340,337,334,331,334,334,334,331,338,328,336,333,331,343,336.0,322,341,328,334,332.0,340,330,332,323,317,335,338.0,332,331,326,329.0,336,340,340,335,330,328.0,325,342,329.0,328,2014,0.28125
334,333,332,343,330,334,338,341,332,334,335,Howard,MEAC,335,334,334,333,337,335,336,328,334,332,338,331,336,332,336,337,337,334,335,342,343,334,333,338,323.0,326,324,337,335,324.0,333,341,341,330,326,338,329.0,327,330,343,312.0,339,335,333,341,331,336.0,333,320,328.0,344,2014,0.24242424242424243
335,336,334,335,338,341,331,330,334,337,336,S Carolina St,MEAC,333,326,343,323,330,330,328,334,339,345,336,345,335,328,330,345,330,330,343,333,339,341,342,337,331.0,323,330,325,344,326.0,342,346,345,332,338,326,344.0,336,323,339,331.0,342,345,344,341,345,330.0,320,346,324.0,322,2014,0.3
340,340,342,341,321,344,330,346,333,328,337,Furman,SC,342,329,342,329,336,332,332,339,332,339,330,342,339,339,329,344,331,334,345,345,340,343,340,342,339.0,328,339,332,341,339.0,343,342,344,337,345,330,339.0,321,329,332,330.0,331,342,329,341,329,327.0,328,315,320.0,330,2014,0.3
342,337,336,336,334,338,332,338,335,341,338,Kennesaw,ASC,334,337,336,339,335,331,335,338,343,337,335,340,331,335,331,339,335,328,337,341,330,339,337,340,324.0,343,325,338,340,336.0,339,336,337,339,340,337,333.0,333,337,344,337.0,325,334,335,326,342,321.0,338,333,337.0,335,2014,0.1935483870967742
336,343,341,332,341,345,336,336,339,343,339,Maine,AEC,336,336,341,336,334,336,334,335,340,340,339,344,338,338,338,343,341,340,341,339,334,345,345,345,330.0,336,333,339,345,329.0,345,337,333,342,344,342,340.0,341,334,342,341.0,333,338,334,341,314,324.0,330,350,334.0,323,2014,0.20689655172413793
347,339,339,348,339,339,343,344,342,340,340,Bethune-Cookman,MEAC,348,343,338,345,346,345,347,341,348,336,326,329,345,344,345,333,343,345,334,337,346,335,332,341,343.0,338,346,343,333,338.0,341,335,331,338,331,343,323.0,346,347,337,336.0,328,321,350,316,323,335.0,347,345,342.0,349,2014,0.21875
330,345,324,340,332,330,347,342,349,347,341,Abilene Chr,SLC,337,346,346,343,325,342,340,349,314,348,341,346,346,345,347,346,323,342,346,348,335,346,346,331,,340,343,323,346,,346,339,346,297,350,294,,342,348,350,,349,348,343,275,343,,345,339,,329,2014,0.3548387096774194
345,338,344,330,344,337,350,337,348,349,342,Cornell,Ivy,345,350,332,349,343,348,343,343,342,342,345,336,349,351,351,331,351,351,329,336,337,330,335,334,334.0,350,335,347,331,342.0,329,329,322,341,342,347,335.0,349,346,349,347.0,324,344,289,341,346,342.0,348,349,348.0,280,2014,0.07142857142857142
337,341,340,331,340,340,340,339,344,342,343,Houston Bap,SLC,339,342,344,344,342,338,338,346,341,344,347,343,341,342,340,341,339,338,342,338,333,342,344,344,341.0,339,344,341,342,345.0,337,343,342,336,335,332,342.0,345,342,341,343.0,345,346,338,326,339,329.0,342,343,344.0,350,2014,0.1935483870967742
341,344,347,344,348,343,344,340,341,338,344,MD E Shore,MEAC,347,341,337,341,348,344,346,344,344,334,334,335,347,346,344,338,347,348,336,335,348,338,339,346,347.0,342,349,346,338,344.0,334,345,340,343,336,348,319.0,343,344,327,344.0,329,319,346,335,321,338.0,344,348,340.0,345,2014,0.2
346,342,343,339,347,342,341,343,343,344,345,Lamar,SLC,340,345,340,346,347,339,341,347,346,338,348,341,340,343,341,340,340,340,340,340,327,340,341,335,344.0,347,342,345,339,347.0,336,340,339,346,333,341,345.0,335,343,340,340.0,340,343,336,341,333,344.0,340,337,346.0,334,2014,0.13333333333333333
344,346,345,346,342,347,346,345,346,345,346,Citadel,SC,346,347,345,347,344,349,349,340,338,346,342,338,348,347,348,342,346,345,344,344,345,344,343,332,345.0,348,347,344,343,346.0,344,344,343,340,337,340,325.0,344,345,335,338.0,316,320,332,316,334,320.0,343,332,343.0,339,2014,0.21212121212121213
343,347,348,345,346,348,345,349,340,339,347,MS Valley St,SWAC,341,340,347,342,340,337,339,345,347,347,346,350,344,336,337,349,338,334,347,347,347,349,347,350,342.0,335,345,330,348,343.0,348,349,348,325,347,333,348.0,328,339,346,332.0,350,351,349,349,349,339.0,339,325,338.0,333,2014,0.28125
348,348,346,347,343,346,342,347,347,348,348,Longwood,BSo,343,344,348,338,339,346,345,342,336,343,344,347,343,340,343,347,336,344,348,346,349,348,348,347,337.0,346,337,336,349,340.0,347,347,349,344,346,331,346.0,347,341,347,328.0,346,341,347,341,351,334.0,341,340,336.0,325,2014,0.25
349,349,350,349,350,350,351,348,351,351,349,Southern Utah,BSC,349,351,349,351,351,350,350,350,350,351,349,348,342,350,350,348,350,349,349,349,344,347,350,348,346.0,351,348,351,347,350.0,349,350,347,351,349,350,347.0,350,351,351,345.0,348,350,337,349,347,343.0,351,283,349.0,346,2014,0.06896551724137931
350,351,351,351,351,351,348,351,345,346,350,Grambling,SWAC,351,348,351,350,350,347,348,348,351,350,351,351,351,348,346,351,349,347,351,351,351,351,351,351,348.0,345,350,350,351,348.0,351,351,351,348,351,346,,337,349,348,323.0,351,349,351,351,350,345.0,349,328,345.0,338,2014,0.1724137931034483
351,350,349,350,349,349,349,350,350,350,351,Presbyterian,BSo,350,349,350,348,349,351,351,351,349,349,350,349,350,349,349,350,348,350,350,350,350,350,349,349,349.0,349,351,349,350,349.0,350,348,350,350,348,345,343.0,348,350,345,346.0,347,347,348,341,348,340.0,350,334,347.0,336,2014,0.1875
