WMV,BWE,DII,WLK,LEF,FAS,SGR,MAS,SMS,POM,Rank,Team,Conf,NET,SPR,RTH,INC,DAV,KPK,SAG,YAG,DOK,TRP,PIR,BBT,PGH,SP,KRA,TPR,TRK,DOL,WLS,ZAM,BIH,WOB,HAS,STH,RT,EBP,JJK,FSH,COL,DCI,MGS,LMC,KPI,WOL,SFX,PIG,REW,MOR,RTP,AWS,SMN,WIL,JNG,7OT,season,win_pct
1,1,1,1,1,1,1,1,1,1,1,Duke,ACC,2,1,1,1,2,1,1,2,1,1,1,1,1,1,1,1,3,1,1,1,1,1,2,1,1,2,1.0,1,1,1,1,1,1,1,2,2,1,2,1,1,2,2,1,1,2019,0.9130434782608695
2,2,4,3,2,2,3,4,2,3,2,Gonzaga,WCC,1,2,4,2,1,2,2,1,2,2,2,3,7,2,6,3,2,5,2,2,4,7,1,2,2,1,6.0,2,8,2,2,2,10,4,1,1,6,1,5,4,14,8,6,4,2019,0.92
3,3,3,2,3,3,2,2,3,2,3,Virginia,ACC,3,5,2,3,3,3,3,3,3,3,3,2,4,3,3,2,1,2,3,3,2,2,3,4,3,3,4.0,3,5,4,5,4,4,3,4,4,5,3,4,13,10,1,3,2,2019,0.9090909090909091
4,4,2,5,4,4,5,3,4,5,4,Tennessee,SEC,4,3,3,4,4,4,7,6,6,6,5,4,2,7,2,5,4,3,5,5,3,4,5,5,6,5,3.0,5,2,6,3,6,9,2,5,5,3,6,3,12,6,4,2,9,2019,0.9565217391304348
8,5,6,7,8,7,9,5,7,7,5,Kentucky,SEC,5,6,6,5,7,7,6,7,5,7,6,5,6,6,7,7,7,6,7,9,6,6,8,9,8,7,7.0,7,7,3,8,8,5,7,3,3,7,8,9,6,7,9,5,14,2019,0.8695652173913043
7,9,5,8,7,5,8,6,8,6,6,Michigan,B10,6,4,5,8,8,8,9,9,8,8,7,6,3,9,5,6,5,4,6,7,5,3,9,7,13,10,5.0,9,3,10,6,5,6,6,12,14,2,9,6,5,3,3,4,8,2019,0.9166666666666666
5,7,8,4,5,9,7,9,6,4,7,Michigan St,B10,8,9,9,6,5,6,5,4,4,5,4,7,12,4,12,4,6,9,4,4,11,13,4,3,5,4,14.0,4,13,8,9,3,11,11,7,10,14,4,17,14,4,7,10,17,2019,0.7916666666666666
6,6,7,6,6,8,4,7,5,8,8,North Carolina,ACC,9,10,7,7,6,5,4,5,7,4,49,8,9,5,8,8,8,7,9,10,8,9,7,6,4,6,9.0,6,9,5,11,7,8,9,5,6,9,5,10,8,5,11,8,5,2019,0.8260869565217391
11,8,10,9,9,12,10,10,10,9,9,Purdue,B10,10,11,11,9,9,9,8,8,9,10,8,11,13,8,15,9,9,12,10,6,14,15,6,8,7,9,17.0,8,16,9,15,12,13,14,7,7,18,7,15,16,8,10,11,13,2019,0.7391304347826086
12,18,12,17,10,10,6,11,9,17,10,Nevada,MWC,13,12,20,10,11,12,13,16,11,9,11,10,16,14,10,14,22,10,19,16,9,12,19,19,10,15,8.0,15,11,12,4,11,17,8,12,12,10,10,7,9,25,18,13,7,2019,0.9583333333333334
9,13,11,10,13,11,11,13,15,16,11,Kansas,B12,18,8,10,13,15,10,10,17,12,14,15,17,8,13,9,12,17,11,16,15,10,8,18,14,16,18,10.0,12,6,24,12,16,2,10,16,25,13,18,8,2,1,5,9,6,2019,0.75
10,10,9,16,18,6,12,8,12,18,12,Houston,AAC,7,7,8,20,17,11,19,20,24,20,18,9,5,19,4,20,15,8,17,21,7,5,17,24,15,19,2.0,24,4,13,7,19,3,5,20,22,4,16,2,3,15,12,7,3,2019,0.9583333333333334
13,14,16,11,14,14,21,20,20,12,13,Texas Tech,B12,12,16,13,15,12,16,12,15,14,15,13,19,17,12,14,18,11,14,11,11,15,14,14,16,11,13,15.0,16,17,21,17,13,16,15,12,19,12,12,19,15,20,12,20,41,2019,0.7916666666666666
17,15,14,19,17,16,17,15,17,20,14,Villanova,BE,19,21,19,18,21,19,11,21,18,17,17,16,15,16,17,19,25,23,25,13,16,16,20,21,24,17,13.0,14,14,7,13,20,15,17,9,11,19,22,13,11,13,6,17,36,2019,0.7916666666666666
16,12,18,15,12,17,13,16,13,13,15,Louisville,ACC,15,15,18,16,22,18,18,11,17,18,16,18,22,18,21,11,13,20,13,17,21,23,16,12,12,16,24.0,18,27,18,29,10,18,24,9,8,26,14,22,17,19,23,18,15,2019,0.7083333333333334
19,17,13,12,11,19,25,12,16,11,16,Wisconsin,B10,11,14,12,14,10,14,16,14,16,13,12,15,20,15,20,10,16,19,14,12,20,20,11,15,19,12,23.0,13,26,15,30,9,21,18,16,16,24,20,29,22,12,28,15,40,2019,0.7083333333333334
14,11,15,18,20,15,14,14,21,21,17,LSU,SEC,17,24,17,22,24,13,22,18,20,23,21,14,10,24,13,21,19,17,23,32,13,11,31,27,17,26,12.0,22,10,14,14,25,7,13,16,15,16,19,11,7,9,22,14,11,2019,0.8260869565217391
20,19,17,14,19,20,18,17,11,10,18,Virginia Tech,ACC,14,19,22,11,19,15,14,12,15,12,9,13,27,11,25,15,10,18,8,8,23,25,10,10,9,8,28.0,11,29,28,26,15,30,25,12,13,22,13,30,33,29,20,23,30,2019,0.782608695652174
15,16,19,13,16,22,26,24,14,15,19,Iowa St,B12,16,17,23,17,18,17,17,13,13,16,14,20,21,17,23,13,14,25,15,14,25,22,15,13,18,14,21.0,17,20,27,23,14,19,27,20,28,20,24,26,20,24,32,24,24,2019,0.75
22,22,21,22,23,18,15,21,22,22,20,Florida St,ACC,25,22,16,19,14,21,21,24,19,19,19,21,19,21,18,17,23,16,21,25,19,19,24,25,25,20,19.0,19,18,19,25,21,20,23,16,21,17,15,18,21,21,17,21,12,2019,0.782608695652174
18,21,20,23,24,13,22,19,24,29,21,Marquette,BE,21,13,14,25,30,20,20,27,27,22,26,25,11,20,11,26,35,15,24,28,12,10,38,30,22,29,11.0,26,12,20,16,26,14,12,27,27,8,25,12,10,11,16,12,46,2019,0.8333333333333334
23,23,24,21,21,25,16,22,23,19,22,Maryland,B10,23,25,21,21,13,22,23,19,21,21,20,23,23,22,24,22,18,21,20,20,24,24,12,18,23,21,26.0,20,25,17,27,17,23,26,20,18,25,17,24,25,18,25,22,20,2019,0.75
21,20,25,20,15,26,19,30,18,14,23,Auburn,SEC,20,27,25,12,16,26,15,10,10,11,10,24,32,10,33,16,12,34,12,18,33,33,13,11,14,11,33.0,10,35,16,35,18,38,36,11,9,39,11,39,44,35,20,35,22,2019,0.6956521739130435
24,25,22,24,27,21,29,18,26,25,24,Iowa,B10,26,23,15,27,27,25,27,25,31,29,24,28,18,32,16,23,27,13,27,24,18,18,34,22,36,28,18.0,25,21,29,19,23,29,20,35,26,15,21,23,24,16,34,19,37,2019,0.7916666666666666
25,24,23,28,30,24,33,23,30,30,25,Kansas St,B12,28,18,24,26,23,23,25,37,28,30,32,30,14,26,19,27,26,22,36,37,17,17,33,40,48,36,16.0,29,15,11,18,32,12,16,27,17,11,34,16,18,17,15,16,38,2019,0.782608695652174
28,26,27,25,22,27,23,26,19,24,26,Buffalo,MAC,22,20,30,28,20,24,39,23,25,27,22,12,29,39,27,24,34,26,40,34,22,27,29,20,26,25,22.0,37,24,35,10,24,31,19,20,30,21,27,14,32,45,37,34,19,2019,0.8695652173913043
26,27,26,29,28,23,27,29,25,27,27,Cincinnati,AAC,24,29,32,32,33,27,26,28,26,26,28,27,24,27,22,30,31,30,29,26,26,21,25,38,20,24,20.0,27,19,22,24,30,24,31,31,35,23,29,20,23,32,14,27,21,2019,0.8333333333333334
29,30,28,26,25,28,20,31,28,26,28,Mississippi St,SEC,29,35,26,24,26,31,30,31,23,25,25,29,28,33,28,29,29,31,30,30,30,29,23,41,21,32,31.0,30,28,30,37,28,22,33,31,33,33,33,28,26,23,26,25,16,2019,0.6956521739130435
27,29,31,30,29,29,30,27,34,35,29,TCU,B12,32,28,27,29,38,28,28,29,32,37,34,32,25,30,26,39,30,27,34,22,29,26,28,32,33,38,29.0,31,22,33,21,36,26,29,27,29,27,32,25,28,26,24,30,29,2019,0.7391304347826086
32,28,32,27,26,34,36,37,35,23,30,Texas,B12,33,26,31,23,25,33,24,22,22,24,23,34,34,23,37,25,21,43,22,23,43,39,22,23,27,27,47.0,21,38,25,53,22,25,51,20,20,54,28,56,30,27,29,28,27,2019,0.5833333333333334
31,33,29,34,34,31,24,25,27,37,31,Washington,P12,31,34,29,34,28,29,40,40,39,39,40,26,26,40,30,35,41,24,38,44,28,28,36,42,30,41,25.0,40,23,32,20,33,27,28,40,37,31,40,21,19,30,34,46,32,2019,0.7916666666666666
33,36,34,31,32,32,32,32,36,32,32,Ohio St,B10,38,32,28,35,37,32,32,34,34,33,31,37,31,36,32,36,33,29,26,29,32,31,26,26,34,33,32.0,36,42,39,33,31,35,35,35,38,37,37,41,38,34,19,26,42,2019,0.6956521739130435
36,32,33,32,33,38,28,35,38,31,33,Clemson,ACC,37,41,36,30,29,37,29,32,29,32,29,35,44,31,45,33,20,39,28,38,45,44,27,36,35,30,49.0,32,48,23,50,34,46,49,20,24,56,30,51,41,38,26,41,28,2019,0.6521739130434783
34,34,37,39,38,35,34,33,40,42,34,Syracuse,ACC,48,31,37,36,36,36,35,43,36,36,38,50,35,35,38,28,38,36,31,46,36,36,45,39,28,34,34.0,38,31,31,28,37,32,50,35,43,36,31,35,29,28,31,40,23,2019,0.7083333333333334
37,35,30,35,42,30,44,28,29,28,35,Wofford,SC,27,30,40,44,39,30,47,35,51,42,33,31,33,50,29,47,40,28,43,36,27,32,35,33,52,23,30.0,55,34,41,38,41,48,22,35,31,28,23,36,61,47,79,32,48,2019,0.84
30,37,36,33,31,33,35,41,33,40,36,Oklahoma,B12,42,39,33,39,42,34,37,38,38,35,37,36,30,29,34,38,43,37,32,27,35,30,43,29,39,39,37.0,39,30,47,32,39,28,46,44,66,57,39,45,27,22,29,37,92,2019,0.625
38,31,43,37,44,44,46,44,32,34,37,Baylor,B12,34,42,38,31,34,40,34,36,37,40,36,45,43,37,44,34,37,58,35,39,49,45,42,35,40,35,52.0,34,49,26,58,38,36,54,20,23,47,38,57,43,43,41,33,49,2019,0.6521739130434783
35,39,38,36,39,39,40,39,45,41,38,Mississippi,SEC,36,45,44,43,41,38,45,42,40,45,42,38,38,45,40,40,36,40,41,45,41,42,44,48,49,45,44.0,44,40,37,45,43,40,56,44,44,41,36,50,39,39,56,29,44,2019,0.6956521739130435
50,43,35,38,40,41,43,34,31,33,39,Lipscomb,ASUN,30,33,48,45,31,35,53,39,48,44,39,22,50,55,46,31,42,38,56,42,34,51,21,37,41,40,40.0,57,50,58,40,27,55,30,27,32,29,44,44,82,61,85,43,52,2019,0.8333333333333334
42,38,41,43,41,45,41,40,44,46,40,Alabama,SEC,43,47,41,40,35,41,44,44,41,48,44,42,37,46,41,37,39,44,47,53,42,40,46,49,58,46,45.0,42,45,34,61,45,34,45,35,34,46,49,46,37,33,32,36,33,2019,0.6521739130434783
39,42,39,42,35,36,45,36,42,39,41,NC State,ACC,35,40,35,38,32,42,31,30,33,28,27,47,53,28,43,32,44,35,39,31,44,48,37,31,38,22,53.0,35,63,42,88,29,70,48,31,42,49,26,82,75,42,38,49,128,2019,0.7083333333333334
43,41,48,44,47,46,31,49,48,48,42,VA Commonwealth,A10,44,43,52,52,40,39,54,47,60,52,47,40,46,56,47,42,32,48,48,61,47,46,39,47,32,48,41.0,53,39,44,36,47,42,41,40,39,40,45,32,36,55,71,45,10,2019,0.7391304347826086
47,50,42,47,51,40,47,42,39,53,43,St John's,BE,49,38,39,42,49,46,51,53,44,47,48,56,42,51,36,46,50,42,60,62,40,37,54,51,57,49,39.0,47,43,53,42,48,33,37,63,61,34,59,43,34,37,46,38,82,2019,0.7083333333333334
40,44,52,46,46,43,37,52,53,49,44,UCF,AAC,46,54,45,51,53,44,42,55,53,53,52,41,39,44,42,54,46,50,44,55,48,38,53,55,51,47,38.0,54,36,55,34,62,39,47,63,55,32,50,33,49,52,49,48,31,2019,0.7727272727272727
46,40,46,40,37,54,49,46,51,38,45,Florida,SEC,41,50,46,33,47,50,33,33,35,34,35,57,58,34,57,44,24,61,33,33,64,66,32,34,47,37,80.0,23,71,36,79,42,67,72,31,36,89,35,103,72,53,40,73,50,2019,0.5217391304347826
41,46,47,41,36,52,58,53,46,36,46,Nebraska,B10,40,36,43,37,44,49,36,26,30,31,30,66,68,25,61,43,28,55,18,19,68,71,30,17,29,31,87.0,28,89,82,70,35,69,75,44,77,93,47,121,90,46,42,60,83,2019,0.5416666666666666
44,48,40,48,52,42,62,38,52,56,47,Minnesota,B10,58,46,34,53,57,47,52,56,52,61,61,59,36,52,35,45,53,33,53,64,39,35,58,44,75,71,42.0,59,41,60,43,49,44,39,75,65,44,72,55,35,31,46,31,103,2019,0.6666666666666666
45,51,45,45,43,48,67,47,49,45,48,Indiana,B10,47,37,42,41,51,52,38,41,42,38,41,70,56,38,50,41,56,47,37,35,60,56,47,28,45,43,66.0,33,62,77,83,40,53,63,44,60,72,41,95,55,40,52,52,136,2019,0.5416666666666666
52,53,49,51,50,56,42,55,37,43,49,Utah St,MWC,39,48,57,50,45,53,58,46,46,50,46,33,62,54,62,50,49,56,50,40,54,55,48,50,37,54,55.0,52,57,65,46,46,57,55,63,58,53,76,53,58,71,100,65,18,2019,0.75
51,47,58,57,60,53,50,51,41,54,50,New Mexico St,WAC,59,52,68,61,56,54,55,50,63,60,60,55,49,60,53,57,55,46,64,49,46,47,49,61,50,68,43.0,70,44,38,31,53,52,43,44,40,50,68,34,45,78,52,55,45,2019,0.8333333333333334
49,45,51,56,55,49,51,48,43,51,51,Toledo,MAC,54,49,59,66,55,48,71,54,79,71,57,43,45,74,49,62,59,45,69,67,38,43,68,63,61,57,36.0,79,32,46,22,59,47,34,51,41,42,55,31,40,66,60,66,55,2019,0.8333333333333334
54,52,53,50,45,58,57,58,67,52,52,Butler,BE,53,57,51,48,64,61,43,52,43,43,50,64,55,42,55,61,51,66,52,52,63,59,55,52,54,50,65.0,41,59,43,52,54,43,69,44,54,83,57,71,46,44,45,51,43,2019,0.5833333333333334
57,55,57,52,57,60,53,61,56,50,53,Creighton,BE,57,55,55,46,54,64,48,45,49,41,45,72,60,47,58,64,48,65,42,41,66,64,52,43,43,44,76.0,43,73,45,63,51,50,65,40,46,91,63,84,57,48,42,59,25,2019,0.5416666666666666
48,56,60,55,54,50,54,64,64,64,54,Arizona St,P12,72,60,50,54,43,56,50,62,45,49,54,62,47,48,52,49,65,59,55,48,53,49,66,58,56,62,50.0,48,46,48,44,61,37,61,88,92,43,48,47,42,41,46,47,74,2019,0.6956521739130435
53,49,54,53,49,57,55,54,57,57,55,Arkansas,SEC,62,56,54,56,65,60,49,51,55,59,58,71,51,49,54,58,58,64,51,56,62,53,69,45,55,74,62.0,45,56,50,65,57,51,74,51,53,69,79,67,54,49,38,54,86,2019,0.6086956521739131
55,57,59,54,53,59,38,56,47,47,56,San Francisco,WCC,52,59,62,59,58,59,62,49,56,57,51,46,67,63,69,67,45,54,45,47,58,62,40,46,42,51,59.0,63,58,94,57,63,73,60,75,74,62,43,54,60,77,90,71,39,2019,0.75
62,67,56,58,62,51,56,50,50,63,57,Belmont,OVC,60,44,61,70,60,43,66,70,71,73,65,44,52,70,51,48,80,41,93,74,37,50,63,62,60,65,46.0,90,47,76,56,52,49,32,51,52,35,64,37,70,56,73,44,58,2019,0.8260869565217391
58,59,50,60,58,55,70,45,68,65,58,Seton Hall,BE,65,51,47,55,61,63,57,63,54,56,59,69,48,59,48,53,64,49,62,58,55,52,62,69,79,63,57.0,56,55,52,69,64,41,57,51,68,59,60,65,52,36,34,39,141,2019,0.6086956521739131
60,54,61,49,48,73,39,77,55,44,59,St Mary's CA,WCC,50,61,77,47,46,67,46,48,47,46,43,49,83,43,91,52,47,88,49,43,80,86,41,53,31,42,84.0,50,83,73,71,44,54,89,51,75,107,65,72,47,70,63,83,34,2019,0.6
56,58,55,61,67,47,63,60,54,75,60,Temple,AAC,55,62,49,67,68,58,73,77,69,74,70,65,41,73,39,66,57,51,80,77,50,41,77,92,77,67,35.0,76,37,49,49,87,45,38,88,80,38,74,38,31,50,55,42,75,2019,0.7083333333333334
59,60,75,59,61,67,52,76,74,55,61,Oregon,P12,70,64,63,49,50,68,41,67,50,51,53,67,73,41,76,63,69,77,46,50,76,73,51,56,46,52,81.0,46,82,68,62,50,66,92,75,67,81,51,76,62,72,66,56,59,2019,0.625
65,68,44,65,56,37,72,43,59,82,62,UNC Greensboro,SC,45,53,56,99,77,45,88,99,103,95,82,39,40,96,31,55,102,32,110,92,31,34,106,77,99,72,27.0,114,33,61,55,68,59,21,51,71,30,75,27,50,60,62,50,68,2019,0.88
66,63,64,64,72,61,68,63,58,67,63,Hofstra,CAA,51,63,82,77,59,51,87,69,91,67,64,51,61,89,60,69,78,62,95,71,56,61,60,75,62,56,48.0,92,53,57,47,56,76,44,51,50,48,61,42,63,103,105,63,56,2019,0.84
61,64,71,68,59,70,48,69,70,58,64,Fresno St,MWC,76,66,66,58,48,71,61,57,64,55,55,58,76,64,74,72,72,67,59,51,69,69,73,59,63,58,67.0,65,67,64,64,75,89,80,51,59,64,46,66,93,81,84,82,54,2019,0.7391304347826086
70,65,65,71,71,68,73,62,73,83,65,Georgetown,BE,78,76,58,62,63,76,64,73,62,66,73,75,65,67,68,59,68,70,76,87,70,68,79,70,83,79,69.0,66,70,59,86,76,58,81,63,62,74,84,80,64,51,75,57,35,2019,0.625
75,70,62,72,69,64,84,59,66,59,66,Furman,SC,56,58,83,76,62,65,91,58,95,83,69,48,74,93,65,51,71,53,100,79,51,67,76,81,85,64,60.0,98,65,56,91,66,88,40,40,45,45,42,62,103,82,95,53,76,2019,0.8
77,71,73,70,83,62,59,65,62,69,67,Vermont,AEC,66,86,87,79,67,55,76,81,85,77,68,54,69,77,67,81,62,63,92,69,59,63,70,99,70,53,56.0,99,61,78,67,85,71,53,51,63,51,52,52,74,89,85,67,57,2019,0.7916666666666666
63,69,66,73,76,63,65,71,60,78,68,Davidson,A10,69,87,64,78,93,69,78,84,80,76,80,61,54,85,56,75,83,60,94,90,61,57,81,100,98,78,58.0,77,51,62,48,95,56,58,63,76,52,108,49,69,75,66,69,65,2019,0.7391304347826086
74,74,69,74,74,75,82,66,98,76,69,Providence,BE,74,75,60,63,87,78,56,79,66,65,71,82,71,61,71,70,73,83,74,80,79,78,75,74,73,73,83.0,64,78,54,80,71,62,82,44,48,88,67,86,65,63,52,58,72,2019,0.5833333333333334
64,66,81,62,68,71,61,79,83,66,70,Dayton,A10,82,74,81,71,73,70,79,64,73,64,67,80,75,81,77,73,61,74,63,75,74,74,67,66,59,60,74.0,71,68,104,59,65,83,84,75,57,77,58,70,67,97,102,85,60,2019,0.6666666666666666
72,78,74,69,63,72,71,74,65,60,71,Murray St,OVC,64,67,86,87,66,62,83,71,78,70,62,52,80,80,82,60,77,68,82,60,65,76,57,57,71,59,63.0,106,66,91,66,74,114,62,75,83,67,53,58,130,112,81,68,77,2019,0.8260869565217391
68,61,63,66,70,66,60,57,61,72,72,Yale,Ivy,63,65,80,83,75,57,97,78,94,89,74,53,57,104,59,95,76,52,105,85,52,58,61,87,88,76,51.0,102,54,69,39,135,61,42,75,69,65,85,40,146,85,122,62,67,2019,0.7894736842105263
67,62,82,75,73,69,64,99,77,80,73,Memphis,AAC,68,78,76,73,82,72,68,59,68,85,84,89,70,66,72,83,63,97,67,93,86,75,64,82,44,86,78.0,69,86,67,87,79,72,90,75,82,86,66,75,56,84,77,61,26,2019,0.5833333333333334
71,75,70,63,64,74,85,68,85,61,74,Northwestern,B10,71,68,53,60,78,79,63,60,57,58,56,87,81,58,73,79,70,76,54,57,87,85,78,54,80,55,94.0,51,91,100,117,73,104,87,63,90,106,62,123,96,59,81,124,105,2019,0.5217391304347826
69,96,84,77,82,76,66,87,69,85,75,Arizona,P12,84,69,73,74,86,80,60,76,59,63,77,94,82,53,78,80,93,75,66,54,83,81,92,65,68,82,85.0,68,84,108,82,67,64,96,109,150,90,97,93,66,54,49,70,91,2019,0.5833333333333334
84,79,67,67,77,79,76,73,63,70,76,ETSU,SC,75,70,98,101,70,66,99,75,97,94,75,60,90,101,85,86,84,69,97,68,67,84,94,72,82,70,75.0,121,80,85,81,77,86,59,51,97,84,81,69,77,88,98,79,88,2019,0.7307692307692307
76,82,72,83,79,80,80,81,89,93,77,Oregon St,P12,90,90,78,88,97,82,94,94,67,78,88,85,77,91,81,84,101,82,84,98,84,80,104,78,97,94,79.0,81,76,99,73,93,63,83,98,116,76,92,81,79,68,88,89,111,2019,0.6521739130434783
86,81,88,96,86,89,74,90,79,86,78,BYU,WCC,86,89,101,81,94,90,80,91,84,80,85,78,96,83,97,123,91,98,83,73,91,92,65,86,65,84,89.0,83,92,79,93,86,90,91,63,64,113,78,83,53,96,88,91,79,2019,0.6153846153846154
83,77,93,76,65,91,77,97,95,73,79,Miami FL,ACC,88,79,88,57,69,94,59,72,61,54,66,114,111,57,110,74,54,131,57,66,127,118,59,60,53,66,131.0,58,133,88,132,72,121,141,51,70,140,56,130,99,102,68,177,73,2019,0.43478260869565216
73,72,78,85,112,65,75,78,76,95,80,South Florida,AAC,67,98,74,116,83,74,122,92,125,133,116,76,63,127,64,85,79,78,81,113,71,60,99,90,87,113,61.0,125,64,75,75,99,78,66,109,101,55,101,59,73,86,131,87,63,2019,0.7391304347826086
78,85,85,86,88,82,86,75,112,89,81,Notre Dame,ACC,102,81,65,72,89,98,67,86,65,81,87,102,89,69,84,71,89,81,72,76,97,91,89,80,92,85,93.0,73,109,87,129,69,93,111,88,99,104,73,117,85,79,60,102,115,2019,0.5416666666666666
87,73,68,91,92,81,108,67,113,94,82,South Carolina,SEC,99,108,67,75,102,89,77,89,74,92,92,120,66,88,70,101,74,79,85,107,81,77,71,107,101,87,90.0,74,90,51,142,115,85,88,63,51,95,100,109,89,57,63,80,150,2019,0.5217391304347826
81,92,96,81,78,99,93,104,78,74,83,Colorado,P12,80,73,105,68,91,86,74,74,83,68,78,91,107,75,115,94,97,102,71,78,105,106,83,68,84,93,106.0,60,102,81,76,81,94,109,63,49,110,82,115,107,115,95,112,106,2019,0.6086956521739131
94,76,77,80,80,98,112,82,107,71,84,Illinois,B10,93,71,72,65,52,104,69,68,77,75,76,136,104,72,99,56,52,101,58,72,125,123,50,67,93,88,134.0,62,145,70,145,55,100,131,63,56,144,71,169,109,62,98,146,112,2019,0.375
97,83,79,79,89,83,96,80,80,68,85,Liberty,ASUN,61,80,100,111,92,77,117,98,101,113,81,63,95,118,88,82,82,71,86,86,72,89,98,105,100,61,71.0,120,85,117,97,84,103,67,127,123,60,109,79,112,107,142,75,110,2019,0.8076923076923077
79,100,83,108,104,78,91,70,75,105,86,UC Irvine,BWC,110,100,96,112,107,73,114,118,114,110,107,79,59,116,66,113,119,57,119,133,57,54,93,125,112,120,54.0,115,52,93,68,94,65,52,98,109,58,98,48,48,80,102,78,146,2019,0.8076923076923077
82,80,90,100,105,77,83,92,124,110,87,Tulsa,AAC,81,102,75,104,109,95,111,108,117,117,118,105,64,112,63,110,94,87,99,108,82,65,97,118,89,123,68.0,110,75,89,98,109,60,79,98,98,75,89,73,51,58,73,64,80,2019,0.5833333333333334
96,84,119,99,75,108,95,109,72,79,88,S Dakota St,SL,97,93,135,69,74,83,82,65,75,69,72,74,128,82,129,91,67,104,96,63,104,122,72,111,72,75,109.0,75,110,80,95,60,150,138,51,73,96,70,101,111,142,100,105,61,2019,0.7692307692307693
85,86,86,109,97,84,90,86,86,104,89,Old Dominion,CUSA,83,82,104,113,114,87,113,115,111,109,106,81,72,115,79,77,118,84,104,115,75,70,114,117,115,100,64.0,107,60,83,60,82,75,73,98,87,61,105,61,59,100,75,76,131,2019,0.7692307692307693
95,90,76,95,96,86,118,72,126,97,90,DePaul,BE,89,85,70,89,85,106,95,102,92,96,94,106,88,99,80,87,88,94,88,97,94,93,88,97,109,99,92.0,85,98,40,112,112,84,104,75,47,78,80,120,128,65,92,74,127,2019,0.5909090909090909
90,103,109,92,94,94,69,94,71,88,91,San Diego,WCC,100,92,106,100,79,85,101,97,109,99,90,83,99,100,104,98,109,89,90,84,89,95,90,93,81,83,91.0,101,88,119,89,78,80,99,75,100,108,87,85,68,91,111,95,64,2019,0.64
106,98,87,78,66,115,94,93,104,62,92,Penn St,B10,73,72,85,64,72,111,65,61,58,62,63,103,129,62,125,68,66,119,61,65,137,136,56,64,74,69,152.0,49,152,72,161,58,117,142,63,72,168,83,168,127,94,71,154,122,2019,0.34782608695652173
98,94,104,87,84,100,79,107,81,87,93,N Kentucky,HL,105,96,115,103,81,84,107,88,107,104,91,73,115,106,119,99,96,91,109,100,93,96,80,76,86,80,96.0,112,93,101,41,80,139,103,63,93,98,54,89,110,123,119,100,70,2019,0.7692307692307693
89,87,80,88,85,90,122,89,114,90,94,Oklahoma St,B12,77,83,71,82,96,102,72,82,70,88,95,112,87,68,86,78,75,112,73,70,110,99,86,79,103,110,117.0,82,119,90,149,92,87,112,88,102,134,110,144,86,73,65,130,134,2019,0.391304347826087
80,106,113,89,81,88,78,125,96,91,95,UCLA,P12,104,94,93,80,105,97,70,87,72,72,86,123,103,65,100,118,86,113,70,95,113,103,115,84,64,92,108.0,61,106,122,96,90,91,126,88,118,130,95,110,76,90,77,168,47,2019,0.5
93,93,92,84,100,92,81,127,97,84,96,Connecticut,AAC,79,91,94,84,84,110,81,80,86,79,79,95,116,71,105,88,81,133,77,94,129,119,74,83,69,77,115.0,78,113,98,108,88,122,129,75,94,125,77,124,97,111,111,94,100,2019,0.5416666666666666
88,88,106,82,87,93,88,114,92,77,97,Pittsburgh,ACC,92,77,92,91,76,112,89,66,88,84,83,110,123,78,112,65,85,120,65,59,124,121,95,73,67,81,126.0,88,132,110,140,70,118,127,75,106,116,69,132,102,106,135,145,113,2019,0.5
91,91,89,94,107,85,115,88,99,96,98,Missouri,SEC,91,107,69,85,139,108,92,90,96,101,100,125,78,92,75,107,60,100,78,101,101,87,82,94,117,103,97.0,84,95,120,127,124,95,108,98,114,101,120,125,106,69,56,157,121,2019,0.5
100,99,91,101,101,96,106,84,116,108,99,Utah,P12,94,103,89,95,98,99,90,104,90,100,112,116,92,90,92,125,99,93,103,121,96,97,84,103,110,131,99.0,86,101,74,116,114,77,102,98,84,97,96,111,94,67,68,98,133,2019,0.5652173913043478
113,101,99,103,95,107,92,101,94,98,100,Northeastern,CAA,101,129,109,92,100,88,110,112,106,93,96,68,105,114,108,90,115,116,122,110,102,107,117,116,95,105,102.0,100,97,92,90,100,97,93,98,96,102,93,88,88,119,107,84,53,2019,0.625
111,97,98,90,93,118,87,105,88,81,101,Grand Canyon,WAC,85,99,117,94,71,115,96,83,98,97,89,77,130,95,128,104,87,123,89,82,114,128,85,89,66,89,121.0,111,129,71,118,96,124,118,75,88,131,107,118,123,124,126,101,87,2019,0.6086956521739131
92,102,111,98,90,103,99,128,100,99,102,USC,P12,95,97,84,86,101,116,86,93,81,82,93,128,108,84,111,127,111,124,75,99,121,113,107,114,96,96,116.0,67,116,116,103,98,111,125,98,113,132,88,122,92,101,79,122,85,2019,0.5416666666666666
104,107,120,110,102,116,89,123,110,114,103,Loyola-Chicago,MVC,118,109,121,98,99,117,98,109,93,87,101,111,109,98,121,121,108,126,108,81,116,105,101,102,76,101,107.0,96,108,63,72,103,109,114,109,81,128,103,94,91,153,68,117,81,2019,0.64
101,108,105,107,110,87,102,85,84,103,104,Texas St,SBC,115,84,116,130,112,75,136,111,130,127,108,86,91,135,93,108,107,73,112,111,73,82,91,96,135,98,77.0,135,79,146,84,105,101,71,109,145,68,118,78,113,108,152,110,90,2019,0.7916666666666666
99,105,95,93,98,97,114,83,108,92,105,Rutgers,B10,125,95,79,102,88,107,102,95,104,108,97,146,101,102,94,93,100,86,68,88,107,109,102,85,104,104,124.0,93,125,102,137,91,119,117,88,104,119,86,149,116,64,97,158,200,2019,0.4782608695652174
110,95,94,104,106,112,129,95,143,107,106,Texas A&M,SEC,87,105,90,90,104,125,85,103,87,86,103,134,100,86,102,97,92,137,87,105,132,117,103,95,102,115,127.0,91,126,66,160,113,96,134,98,78,136,104,137,105,92,59,147,138,2019,0.4090909090909091
103,104,103,111,113,102,104,118,122,126,107,Wichita St,AAC,116,121,97,114,125,120,104,116,112,112,120,133,84,107,90,124,95,109,114,118,106,94,120,123,108,124,95.0,105,94,96,114,125,74,110,88,121,111,116,106,80,76,58,107,109,2019,0.5217391304347826
108,120,108,118,119,95,100,98,101,117,108,Col Charleston,CAA,111,117,112,124,134,91,120,136,124,124,123,88,85,122,87,103,135,80,127,126,77,83,132,131,134,118,73.0,127,72,125,78,89,99,64,144,138,66,136,64,71,117,132,88,102,2019,0.7692307692307693
105,117,107,106,91,104,119,120,118,112,109,Xavier,BE,108,106,91,96,118,127,84,105,82,91,105,148,106,79,101,114,106,122,91,103,126,110,116,108,107,106,123.0,80,122,121,128,102,107,135,88,149,129,114,141,98,93,42,181,97,2019,0.4583333333333333
118,110,102,122,114,122,126,110,127,115,110,WKU,CUSA,120,119,120,108,108,105,112,122,119,116,109,98,97,113,107,96,120,110,125,122,103,102,126,127,125,109,101.0,113,96,86,106,101,82,98,109,85,120,117,98,78,105,85,77,132,2019,0.6
107,109,97,97,99,109,103,103,120,102,111,Georgia Tech,ACC,109,88,99,105,95,122,93,85,108,105,99,144,121,87,117,76,112,128,79,89,133,129,113,71,91,97,135.0,94,127,128,158,83,116,146,98,137,126,99,147,104,95,109,162,145,2019,0.4583333333333333
114,89,110,102,116,120,105,100,82,101,112,Bowling Green,MAC,122,104,122,119,80,96,131,96,118,132,122,101,114,126,122,102,103,103,120,117,99,112,100,106,114,129,113.0,132,105,115,77,123,120,95,109,79,82,125,100,145,122,140,92,140,2019,0.6956521739130435
112,114,100,113,109,111,124,116,129,118,113,West Virginia,B12,112,112,95,93,137,128,75,114,76,90,98,149,98,76,98,126,113,117,101,112,120,108,129,120,118,102,119.0,72,121,103,155,117,98,130,109,135,122,121,136,83,83,49,156,95,2019,0.4166666666666667
102,113,118,124,123,101,133,106,91,124,114,North Texas,CUSA,106,115,107,123,133,118,130,133,123,126,126,90,86,134,89,131,122,92,111,136,85,79,122,91,152,117,70.0,122,74,142,54,137,112,76,127,134,70,102,74,121,120,115,108,99,2019,0.8
123,129,112,114,121,114,141,112,93,123,115,Penn,Ivy,96,114,118,120,119,93,118,124,126,111,110,99,102,117,103,119,104,105,137,125,98,101,121,119,143,107,98.0,119,100,109,94,134,81,77,127,117,73,143,102,133,110,105,72,96,2019,0.6363636363636364
109,119,124,130,136,110,97,108,105,136,116,Drake,MVC,139,124,113,132,129,109,121,134,139,135,137,93,93,121,96,128,126,90,123,104,90,88,135,121,128,140,86.0,137,77,126,51,130,92,85,158,147,80,150,68,84,114,114,103,69,2019,0.72
116,131,117,123,118,106,128,102,111,135,117,Georgia St,SBC,134,113,119,131,143,92,132,139,133,120,127,115,94,133,95,130,125,85,135,135,88,90,143,126,140,111,88.0,128,81,154,92,128,68,78,127,162,87,180,77,81,87,102,86,62,2019,0.6666666666666666
129,137,129,132,122,127,123,126,87,127,118,Montana,BSC,113,122,129,109,106,113,115,127,102,103,111,97,127,119,124,151,129,114,136,138,108,114,119,113,113,112,110.0,104,115,107,99,145,125,100,75,89,85,90,97,137,134,109,106,71,2019,0.7391304347826086
125,118,101,128,131,130,98,96,90,109,119,Utah Valley,WAC,121,125,124,121,113,124,126,117,127,131,129,84,122,130,123,137,123,99,138,106,100,115,111,124,111,139,105.0,126,107,97,109,141,105,97,109,103,92,127,92,134,118,115,97,101,2019,0.6956521739130435
119,116,123,116,124,117,101,113,132,125,120,Boston College,ACC,136,120,103,106,116,133,108,113,99,114,115,137,119,108,113,100,117,121,102,129,128,125,105,110,105,116,125.0,97,131,95,146,116,113,136,109,110,114,111,129,122,99,90,135,98,2019,0.5
122,124,116,117,115,125,137,115,103,116,121,Stanford,P12,98,116,108,110,117,121,105,107,116,115,121,124,118,109,120,112,147,106,117,123,117,126,128,115,137,133,128.0,87,120,106,131,107,115,121,88,91,133,113,142,119,98,93,133,143,2019,0.5217391304347826
135,123,122,115,134,119,125,119,102,122,122,Austin Peay,OVC,119,127,136,138,132,81,137,129,136,129,113,92,126,138,131,111,98,115,139,130,111,120,112,98,133,91,112.0,145,117,112,125,106,136,101,88,108,103,94,96,124,136,149,104,94,2019,0.72
131,130,121,119,127,123,109,111,106,121,123,Radford,BSo,126,126,126,137,135,101,135,130,138,136,134,100,113,136,114,89,141,96,145,143,95,100,125,136,124,137,100.0,143,104,130,107,110,108,86,109,112,79,161,87,126,121,130,81,117,2019,0.72
121,111,125,112,111,129,107,145,138,113,124,SMU,AAC,107,118,123,97,110,143,103,100,89,98,102,139,139,94,136,122,90,155,98,91,150,143,96,101,78,90,142.0,95,140,134,144,111,143,159,127,144,146,112,145,136,128,121,163,66,2019,0.5217391304347826
127,127,128,120,108,135,127,134,125,106,125,Ball St,MAC,103,101,128,115,90,123,116,101,110,106,104,107,144,111,142,105,121,143,115,83,140,142,87,88,90,95,149.0,117,151,139,123,104,128,128,127,136,150,91,148,142,141,126,148,124,2019,0.5416666666666666
120,115,115,105,103,124,132,124,136,119,126,Georgia,SEC,114,123,102,107,136,135,100,110,105,107,114,141,120,97,118,120,105,136,106,134,138,133,124,109,116,126,140.0,89,137,127,151,121,126,149,109,133,139,123,156,118,104,83,172,149,2019,0.43478260869565216
117,134,126,129,129,113,111,133,152,142,127,St Louis,A10,128,133,111,126,138,131,123,140,113,125,132,121,110,123,109,109,131,111,118,124,119,104,140,138,127,125,103.0,118,99,151,100,118,106,122,144,192,94,138,107,95,109,115,90,104,2019,0.625
134,136,133,125,120,131,110,131,117,120,128,Ga Southern,SBC,131,111,134,134,126,100,128,126,132,122,117,104,136,125,134,115,128,129,124,102,118,131,131,104,106,108,132.0,136,128,144,121,127,102,116,109,122,143,122,113,115,130,135,137,78,2019,0.5833333333333334
115,126,114,142,140,105,117,91,130,152,129,Kent,MAC,140,135,110,154,130,126,147,151,146,164,159,129,79,152,83,139,149,72,143,150,78,72,154,150,138,168,72.0,164,69,133,74,159,79,68,171,152,63,171,63,108,74,118,93,137,2019,0.7391304347826086
124,112,132,127,117,140,135,138,115,100,130,Akron,MAC,117,110,131,127,103,141,127,106,122,128,119,117,140,124,147,117,110,147,107,96,147,140,123,112,94,114,144.0,129,143,132,110,122,145,145,109,107,135,128,140,157,145,161,138,118,2019,0.6086956521739131
128,128,130,135,128,132,138,117,119,130,131,C Michigan,MAC,129,134,127,145,121,136,149,131,143,144,144,109,124,149,126,143,140,108,144,131,109,116,141,132,123,152,114.0,151,114,136,101,154,129,106,144,129,100,170,108,151,113,132,114,116,2019,0.6956521739130435
126,138,142,141,126,134,139,150,149,147,132,San Diego St,MWC,145,131,133,118,111,140,109,137,115,102,125,155,138,105,140,147,134,140,116,116,146,138,139,137,130,119,138.0,109,135,84,113,143,147,152,127,131,124,115,131,144,127,107,128,120,2019,0.6086956521739131
130,140,145,133,142,128,120,132,133,137,133,Loy Marymount,WCC,142,139,130,140,123,130,140,143,140,138,138,122,132,141,127,142,146,107,134,120,115,124,138,139,149,136,120.0,133,118,149,111,132,138,115,127,143,112,130,105,117,126,157,118,119,2019,0.68
138,135,140,134,144,133,116,122,128,145,134,Bucknell,PL,154,151,140,143,142,114,141,145,147,139,141,132,125,146,130,138,159,118,152,149,112,132,149,158,151,135,118.0,141,112,113,104,131,132,107,127,115,117,126,91,100,143,119,109,165,2019,0.6666666666666666
145,132,127,121,132,144,152,135,134,111,135,Jacksonville St,OVC,133,128,145,128,115,129,133,121,129,130,124,96,153,129,155,92,130,135,141,128,135,151,127,128,150,122,147.0,130,149,143,154,108,148,124,98,119,121,152,143,161,140,144,99,212,2019,0.68
137,121,141,131,141,137,121,129,142,134,136,George Mason,A10,138,142,132,129,141,132,129,132,135,134,133,138,137,132,137,133,137,138,126,157,141,139,136,148,132,128,137.0,123,142,131,130,119,142,140,144,127,138,139,128,125,137,144,113,108,2019,0.5833333333333334
144,133,134,139,133,146,113,136,109,132,137,Harvard,Ivy,143,136,143,125,120,139,125,138,128,123,130,126,148,128,152,129,114,139,129,127,145,150,130,141,129,130,146.0,124,148,138,124,169,135,143,144,141,145,124,127,194,132,152,134,51,2019,0.5789473684210527
140,147,131,143,153,121,130,121,121,159,138,Stony Brook,AEC,144,153,139,164,163,103,167,164,159,156,154,108,112,170,106,146,171,95,177,173,92,98,185,171,147,151,82.0,173,87,167,85,138,110,70,127,157,71,133,60,87,133,167,96,160,2019,0.8
142,125,144,138,139,142,136,141,146,133,139,Miami OH,MAC,132,145,138,139,131,145,139,128,141,147,143,140,143,140,146,149,127,144,133,147,144,148,118,134,121,143,151.0,142,150,105,135,146,134,144,109,95,160,106,138,140,129,157,161,89,2019,0.5416666666666666
133,142,135,126,125,136,143,152,151,131,140,Vanderbilt,SEC,124,130,114,117,145,156,106,120,100,119,128,160,142,103,135,135,138,165,113,114,161,153,133,122,119,127,158.0,103,157,157,184,133,140,165,109,161,158,119,172,143,116,111,201,148,2019,0.391304347826087
141,141,137,136,130,141,142,147,135,148,141,Rhode Island,A10,130,140,137,135,140,144,124,141,120,121,135,142,141,120,141,134,145,151,132,152,148,152,134,144,122,132,143.0,116,144,137,120,136,127,147,158,191,148,158,133,131,152,93,183,126,2019,0.5217391304347826
132,143,149,146,156,126,131,140,156,163,142,Duquesne,A10,160,157,125,158,159,146,156,154,154,166,160,162,117,156,116,154,155,125,142,169,130,111,161,162,144,154,104.0,154,103,158,105,147,130,137,171,155,105,135,99,101,131,141,120,129,2019,0.6666666666666666
143,146,143,140,145,138,140,137,145,153,143,Lehigh,PL,151,156,141,156,152,119,151,159,162,152,149,118,131,150,132,158,161,127,166,161,123,130,151,155,161,144,111.0,160,111,150,102,152,137,105,171,171,115,134,90,120,147,166,115,153,2019,0.6956521739130435
139,139,138,157,151,152,155,151,123,129,144,Southern Miss,CUSA,123,143,158,136,148,148,143,135,153,150,145,131,135,145,139,132,136,142,154,148,131,144,146,166,141,145,136.0,134,130,141,126,150,168,139,109,111,149,148,126,186,149,164,139,203,2019,0.6086956521739131
136,122,139,168,146,162,146,148,140,140,145,UT San Antonio,CUSA,135,137,168,133,124,170,138,119,152,160,162,153,134,137,138,156,116,146,130,142,142,146,110,151,146,200,139.0,131,138,114,136,158,166,176,127,86,152,181,135,168,150,142,141,164,2019,0.6
146,155,146,150,143,150,148,160,147,138,146,Louisiana Tech,CUSA,127,146,144,142,151,153,148,150,134,137,140,113,152,143,150,106,150,162,147,141,149,141,150,147,145,141,148.0,150,147,147,148,129,146,132,171,148,151,146,134,139,175,156,136,114,2019,0.6
147,154,151,152,150,139,147,139,131,151,147,UC Santa Barbara,BWC,147,150,142,152,156,134,164,156,148,140,139,119,149,165,143,155,164,134,148,144,139,137,152,142,160,121,130.0,161,136,153,138,175,155,123,144,146,99,153,119,163,148,126,125,205,2019,0.7391304347826086
152,149,154,148,137,159,145,156,157,143,148,Wright St,HL,149,144,153,144,122,158,134,144,131,142,146,150,164,131,167,136,132,159,140,137,166,166,109,130,142,142,169.0,148,170,123,134,126,177,166,109,125,180,137,167,162,177,144,150,123,2019,0.5769230769230769
149,145,148,137,148,145,134,144,141,146,149,Brown,Ivy,141,147,155,151,149,137,162,146,160,153,147,127,151,163,149,162,144,145,159,168,143,147,147,159,126,138,141.0,157,141,173,115,183,133,119,158,158,127,166,114,159,158,192,132,93,2019,0.6363636363636364
150,144,150,149,138,164,150,157,150,128,150,N Illinois,MAC,137,132,154,141,127,163,146,123,144,145,142,135,173,139,171,141,152,170,131,119,169,172,137,140,120,150,176.0,144,177,183,166,139,157,169,158,172,166,154,181,174,162,180,184,162,2019,0.5
159,148,136,144,167,147,157,130,137,154,151,Princeton,Ivy,161,165,149,150,161,138,163,162,150,157,155,156,133,166,133,165,148,130,186,193,122,134,159,199,183,163,129.0,166,134,140,122,259,123,94,144,126,118,173,116,210,125,170,111,208,2019,0.631578947368421
161,152,174,151,135,177,153,188,171,141,152,Boise St,MWC,150,138,170,122,128,177,119,125,121,118,131,164,190,110,194,157,124,202,121,109,201,198,108,133,131,134,199.0,108,196,135,190,144,197,219,109,124,198,131,211,184,190,135,222,84,2019,0.4583333333333333
148,156,158,159,154,149,151,163,155,160,153,UNLV,MWC,156,154,148,147,147,165,152,153,142,141,150,170,159,147,157,174,176,161,128,132,163,161,184,153,139,146,157.0,140,158,163,150,161,156,172,158,170,167,147,159,149,164,132,180,155,2019,0.5217391304347826
155,153,165,145,147,158,159,167,154,149,154,ULM,SBC,153,148,164,155,154,147,155,149,166,148,148,152,165,155,172,140,142,173,150,139,165,163,145,135,156,147,171.0,170,164,155,168,142,179,170,144,163,153,142,165,164,168,180,153,142,2019,0.5652173913043478
151,157,152,147,152,151,149,155,153,139,155,Samford,SC,146,141,160,177,150,154,174,142,175,173,153,147,166,169,164,116,139,157,149,146,157,169,155,129,148,162,163.0,188,165,193,180,97,171,155,158,173,171,157,163,148,154,209,127,174,2019,0.5769230769230769
163,161,164,153,157,169,144,162,148,144,156,Colgate,PL,148,152,179,157,153,150,159,152,161,161,151,143,175,160,175,144,157,160,162,155,158,176,142,176,162,153,168.0,162,169,188,147,120,167,150,158,153,173,140,154,152,200,187,140,125,2019,0.6
154,163,160,161,149,153,156,161,164,167,157,S Illinois,MVC,157,158,150,148,162,161,144,163,137,143,156,161,158,142,158,148,208,169,155,145,164,159,180,146,157,161,156.0,147,154,164,143,140,161,162,188,186,165,177,152,135,178,135,182,189,2019,0.52
167,150,147,155,159,171,158,142,159,156,158,Sam Houston St,SLC,164,155,173,168,144,155,170,160,184,181,174,145,163,171,168,168,133,154,174,151,151,158,156,177,155,181,159.0,193,159,111,163,188,163,148,127,120,147,184,160,177,163,183,123,156,2019,0.6666666666666666
153,168,153,154,163,143,154,146,139,164,159,Abilene Chr,SLC,168,167,161,179,179,142,187,178,180,184,167,130,147,192,151,179,170,132,208,167,136,127,160,174,178,158,122.0,206,123,177,139,203,159,120,144,184,109,209,112,176,156,183,129,178,2019,0.7916666666666666
156,160,156,174,170,154,176,153,170,175,160,Illinois St,MVC,180,178,146,149,168,174,153,176,149,151,173,173,146,154,148,172,183,149,158,184,153,149,166,180,190,190,150.0,152,139,124,119,173,144,154,188,160,161,188,151,141,139,122,160,201,2019,0.56
166,151,157,160,162,165,175,143,163,157,161,UT Arlington,SBC,166,159,157,166,157,160,142,155,189,178,179,166,156,148,161,166,156,156,169,154,156,167,153,161,184,197,170.0,177,171,118,174,171,151,161,127,105,169,163,200,153,157,149,187,218,2019,0.5
158,159,169,163,158,157,166,166,179,176,162,Wake Forest,ACC,196,162,151,162,166,172,145,158,155,154,164,202,157,144,160,164,154,166,151,164,171,165,205,156,163,166,172.0,138,168,156,179,172,170,180,171,178,175,151,179,155,135,135,215,147,2019,0.4090909090909091
170,170,162,158,161,160,170,159,161,161,163,Winthrop,BSo,171,184,177,178,167,149,168,167,170,169,163,154,169,164,166,145,165,148,203,176,154,162,163,179,174,160,160.0,183,163,171,183,160,165,153,158,190,142,172,150,190,160,169,119,188,2019,0.6666666666666666
162,172,168,167,184,156,177,173,177,179,164,St Joseph's PA,A10,173,174,152,165,182,173,150,181,156,163,172,192,154,153,156,152,168,177,163,160,172,164,169,184,165,177,161.0,146,162,182,159,151,149,171,171,177,159,156,166,138,170,144,220,159,2019,0.4583333333333333
160,171,163,162,168,148,160,158,144,172,165,NJIT,ASUN,174,186,166,198,173,151,202,183,200,192,176,151,150,203,145,178,191,141,198,175,134,135,191,208,175,164,133.0,205,124,217,133,164,152,113,225,185,123,203,104,129,167,187,116,187,2019,0.72
157,169,161,178,165,155,164,169,174,186,166,Hawaii,BWC,172,177,147,174,160,183,175,173,178,177,194,169,160,176,153,183,190,167,160,162,167,155,198,152,179,209,154.0,167,155,162,157,202,162,168,196,188,137,169,157,180,151,161,152,161,2019,0.6086956521739131
175,166,172,165,166,172,165,154,160,168,167,NE Omaha,SL,178,185,174,173,158,157,180,171,177,179,171,157,171,187,169,195,178,152,183,174,160,168,158,165,197,170,166.0,182,166,159,165,196,184,160,171,151,155,167,158,178,174,198,126,183,2019,0.6086956521739131
173,164,170,171,180,173,185,176,173,162,168,Missouri St,MVC,159,166,171,161,170,169,161,166,145,162,161,183,172,162,173,181,175,180,146,197,176,178,192,157,170,167,177.0,156,184,161,162,162,173,175,144,140,185,194,180,166,208,175,193,204,2019,0.52
172,158,173,177,160,185,181,171,178,155,169,E Michigan,MAC,167,169,169,146,164,188,160,147,158,170,169,181,177,158,182,186,162,187,173,159,183,180,157,164,153,184,193.0,155,187,152,195,221,164,187,127,139,189,190,202,198,155,161,216,180,2019,0.43478260869565216
186,165,167,156,155,186,167,170,162,150,170,Coastal Car,SBC,152,149,190,163,146,164,154,148,172,159,152,158,195,151,198,150,143,188,164,140,188,195,148,143,159,155,201.0,169,200,175,203,148,200,190,158,154,205,159,189,225,211,214,199,207,2019,0.5217391304347826
179,190,177,179,172,167,171,179,182,182,171,Weber St,BSC,170,176,176,167,169,162,172,188,157,165,170,159,181,175,176,209,193,179,197,177,174,175,176,175,177,169,165.0,176,173,172,172,189,176,163,144,174,154,132,161,167,179,172,142,130,2019,0.625
165,192,155,173,169,161,161,164,167,184,172,Marshall,CUSA,155,171,156,195,196,166,178,212,163,175,183,167,145,180,144,180,196,150,193,186,152,145,197,218,206,191,145.0,186,146,215,153,155,131,133,246,234,156,243,139,114,146,122,171,192,2019,0.52
174,175,175,176,178,174,163,190,184,173,173,New Mexico,MWC,176,170,167,159,185,186,157,174,165,155,166,184,176,159,177,171,185,176,156,166,179,179,211,183,154,172,178.0,159,179,165,177,195,158,189,158,181,176,195,173,156,161,148,194,152,2019,0.43478260869565216
181,167,171,166,164,183,172,183,169,165,174,St Bonaventure,A10,158,161,183,153,177,185,158,161,151,146,158,193,187,157,190,189,153,205,153,187,195,203,172,160,136,165,197.0,139,197,148,175,167,182,201,144,167,216,189,198,173,199,126,241,139,2019,0.391304347826087
164,162,159,180,181,170,168,149,165,169,175,UTRGV,WAC,175,181,162,191,174,178,194,169,210,221,200,165,162,197,162,173,195,164,178,180,261,160,175,181,169,214,162.0,195,160,129,170,153,153,157,158,128,170,183,162,132,166,178,166,248,2019,0.5384615384615384
178,173,179,164,171,182,178,186,186,158,176,Pepperdine,WCC,165,160,185,170,155,181,171,157,169,174,168,172,193,168,192,160,151,196,161,153,191,191,144,149,158,175,190.0,165,194,170,194,149,180,195,171,164,191,144,192,171,188,236,235,179,2019,0.48
187,195,189,185,174,168,179,177,168,183,177,N Colorado,BSC,183,183,189,180,175,152,185,205,167,167,165,163,179,189,179,240,189,171,194,192,170,170,208,154,198,149,164.0,174,167,160,169,222,188,158,127,165,163,129,155,170,181,157,144,181,2019,0.6666666666666666
168,174,166,182,187,166,162,165,158,193,178,CS Bakersfield,WAC,188,182,165,189,199,182,200,186,194,201,204,176,161,202,159,192,172,153,200,201,155,154,164,204,192,226,153.0,199,153,176,181,208,154,151,196,194,141,198,146,160,144,176,131,177,2019,0.6086956521739131
192,177,186,169,175,195,190,187,180,166,179,CS Fullerton,BWC,169,164,193,160,171,175,165,172,164,149,157,198,196,161,200,188,163,203,180,172,203,204,167,167,168,157,212.0,149,214,145,214,180,190,200,127,130,211,145,218,206,183,178,217,202,2019,0.43478260869565216
171,178,178,190,183,180,174,194,172,180,180,UAB,CUSA,162,179,172,181,191,205,181,177,171,183,190,174,174,181,174,169,169,195,165,185,180,173,188,186,171,202,175.0,180,175,232,164,163,191,183,246,251,187,257,175,175,191,152,165,107,2019,0.56
185,179,185,170,176,190,180,181,209,177,181,Washington St,P12,177,168,178,171,178,203,166,170,173,182,191,197,194,167,193,170,181,201,157,170,205,202,183,172,172,208,198.0,158,201,191,204,156,178,222,171,132,194,155,216,181,172,174,226,157,2019,0.4166666666666667
176,200,187,194,177,178,197,172,185,205,182,Louisiana,SBC,216,190,187,188,198,176,186,208,182,172,185,190,167,184,170,190,200,163,191,190,168,157,204,201,209,185,167.0,185,161,189,176,200,169,164,196,225,157,202,164,158,165,125,143,184,2019,0.5833333333333334
193,184,194,186,173,176,188,185,188,194,183,PFW,SL,213,189,195,187,176,167,197,189,179,180,177,195,185,199,186,215,166,168,187,224,178,181,174,185,215,156,182.0,187,181,180,171,198,196,181,144,196,178,162,176,191,176,190,149,170,2019,0.6153846153846154
184,181,180,197,202,194,201,175,166,170,184,FL Atlantic,CUSA,163,163,184,183,181,192,189,175,213,198,198,171,180,193,180,153,179,175,175,165,177,177,182,187,188,216,181.0,200,182,179,185,165,183,174,171,156,177,218,197,202,182,192,173,231,2019,0.56
189,186,184,195,179,191,204,180,203,191,185,Bradley,MVC,189,187,175,169,180,206,169,190,168,176,184,185,184,173,184,163,211,192,188,178,185,185,162,182,186,192,183.0,168,185,168,167,157,189,182,188,142,200,175,204,183,209,152,211,233,2019,0.52
169,187,176,192,186,163,183,174,175,210,186,Ohio,MAC,190,192,159,203,217,180,205,201,188,213,214,199,155,210,154,212,204,158,205,220,162,156,196,192,181,210,155.0,189,156,248,152,227,141,156,225,235,162,224,153,154,138,165,196,158,2019,0.5
188,185,191,181,182,184,173,192,181,178,187,IUPUI,HL,193,180,188,202,193,187,195,180,192,190,187,180,192,191,191,176,188,185,172,171,190,187,171,163,176,183,187.0,203,189,202,173,177,204,193,171,219,206,178,184,201,214,220,186,172,2019,0.56
183,191,188,200,194,188,182,191,183,200,188,Pacific,WCC,192,197,182,182,186,202,176,187,191,193,203,175,182,177,181,201,194,181,196,179,181,183,212,198,187,225,179.0,179,180,187,193,179,172,179,206,197,186,185,170,150,169,176,200,176,2019,0.5
180,176,182,172,193,175,169,168,201,189,189,Santa Clara,WCC,197,211,181,190,188,197,203,193,205,216,212,179,170,206,165,205,192,174,192,183,173,174,206,189,203,232,173.0,201,172,181,188,211,174,188,196,175,164,196,171,147,159,192,185,198,2019,0.52
177,194,183,206,188,181,195,184,176,202,190,Indiana St,MVC,194,194,163,186,204,207,177,202,190,191,207,196,168,178,163,213,212,172,176,163,175,171,224,193,208,235,174.0,181,174,196,141,226,160,167,225,220,172,208,174,169,171,157,207,190,2019,0.5
182,199,197,175,203,192,184,206,189,174,191,Seattle,WAC,186,173,194,194,165,198,182,168,183,189,186,177,199,172,195,199,158,207,168,156,193,189,165,170,180,194,191.0,192,190,236,187,197,202,209,206,250,192,205,187,216,193,183,174,144,2019,0.5652173913043478
190,183,181,198,201,179,205,182,190,208,192,Valparaiso,MVC,179,204,186,176,209,190,179,196,185,158,181,200,178,188,178,200,184,183,190,206,184,182,215,203,204,186,180.0,175,176,190,178,204,181,196,171,182,190,192,195,182,189,168,210,209,2019,0.52
191,182,192,199,191,193,194,189,208,195,193,IL Chicago,HL,205,205,180,199,202,204,193,194,197,205,206,209,183,195,183,191,177,186,185,200,186,186,181,200,189,220,184.0,194,188,166,156,192,185,186,188,183,193,193,185,188,187,180,197,171,2019,0.52
198,197,193,188,199,187,191,193,191,187,194,Campbell,BSo,223,201,209,209,194,171,209,191,208,204,188,201,198,209,199,185,197,184,199,194,189,197,168,178,193,173,192.0,216,192,186,198,213,186,194,127,168,184,217,182,212,186,220,169,217,2019,0.5833333333333334
194,180,207,189,198,200,198,208,218,196,195,Richmond,A10,187,195,196,172,172,221,173,179,174,171,175,233,209,174,209,187,160,237,170,196,229,224,193,196,173,159,223.0,153,222,174,207,178,261,253,144,166,224,160,230,203,254,196,266,135,2019,0.4166666666666667
200,189,199,191,197,204,187,197,187,188,196,Hartford,AEC,195,206,218,197,190,179,198,185,195,194,189,194,211,196,213,198,206,204,201,199,198,214,177,191,195,182,202.0,190,203,206,202,184,208,198,171,169,204,191,186,189,217,220,208,199,2019,0.5
197,198,201,183,211,197,192,202,194,190,197,American Univ,PL,181,203,208,201,187,184,204,200,204,203,193,168,206,201,206,167,174,208,206,208,196,212,179,207,199,179,194.0,210,195,198,197,168,229,191,196,213,197,174,188,207,249,286,189,163,2019,0.5652173913043478
195,188,204,196,195,211,193,222,196,185,198,Colorado St,MWC,198,193,198,175,183,229,184,182,186,196,199,214,210,185,210,219,186,221,167,218,220,216,178,190,164,203,228.0,178,220,194,215,218,219,242,171,179,236,186,223,185,204,201,245,168,2019,0.375
203,213,200,193,189,189,214,196,195,203,199,Gardner Webb,BSo,202,188,221,219,215,159,221,204,214,197,180,186,204,222,208,177,225,178,202,228,187,196,223,173,212,148,195.0,230,193,228,218,187,194,178,158,217,188,221,190,222,185,230,151,253,2019,0.6
199,203,195,220,200,203,208,199,207,214,200,Northern Iowa,MVC,200,200,191,185,223,218,183,211,187,187,202,225,191,183,189,206,207,209,195,216,206,193,209,213,182,212,200.0,184,205,192,182,216,175,202,206,207,201,251,210,172,210,172,243,182,2019,0.4
202,201,205,184,204,198,200,204,192,181,201,Presbyterian,BSo,206,196,232,213,189,168,218,184,221,210,195,189,220,217,228,184,203,193,217,214,200,207,195,206,191,180,211.0,228,206,199,228,174,203,205,158,189,210,182,206,213,207,266,164,221,2019,0.5769230769230769
205,196,190,215,215,199,209,178,206,219,202,Cornell,Ivy,201,224,201,212,203,193,210,215,220,229,227,191,186,218,188,194,215,182,237,226,182,188,213,244,219,237,186.0,223,186,184,186,234,187,173,206,159,174,201,183,217,184,204,175,227,2019,0.5454545454545454
196,210,215,201,207,207,202,219,235,216,203,Massachusetts,A10,210,202,199,193,195,231,188,199,181,186,192,239,218,182,212,182,202,233,179,182,234,229,173,195,166,178,222.0,171,227,219,216,176,231,252,206,241,230,168,235,199,221,204,248,173,2019,0.375
204,207,218,203,206,205,196,200,197,209,204,N Dakota St,SL,214,215,207,204,231,189,206,214,193,200,201,206,200,208,204,245,219,197,212,209,197,194,216,212,210,195,203.0,207,198,209,205,214,206,203,206,206,207,245,191,187,203,212,229,175,2019,0.52
208,214,202,204,190,215,189,226,193,211,205,Rider,MAAC,191,208,223,184,225,200,199,203,176,168,182,188,228,198,223,210,217,224,215,204,214,227,218,210,196,176,213.0,163,199,256,213,181,243,217,206,252,232,211,193,200,238,190,214,195,2019,0.5
206,208,203,210,192,217,211,221,214,197,206,Evansville,MVC,185,198,192,196,210,240,191,195,203,195,205,208,212,186,201,175,214,217,181,203,217,217,219,197,205,236,226.0,191,230,218,189,185,198,221,225,222,212,216,247,221,229,186,265,259,2019,0.4
201,227,208,207,210,201,199,212,198,220,207,Holy Cross,PL,208,219,210,223,234,194,225,230,206,219,215,187,201,223,196,193,222,199,226,211,194,205,207,230,213,199,188.0,226,178,276,192,170,212,185,261,262,219,225,177,165,252,242,202,154,2019,0.52
214,204,217,202,213,210,186,220,212,201,208,Dartmouth,Ivy,207,218,216,210,197,201,222,210,212,211,196,178,235,220,230,197,180,220,213,207,219,222,186,205,194,171,227.0,225,224,244,210,241,222,233,206,228,218,141,214,253,206,286,213,151,2019,0.5
211,211,209,216,235,209,206,198,211,225,209,UMBC,AEC,219,236,220,221,224,196,214,225,218,222,218,203,208,215,211,220,239,198,241,215,207,200,225,221,229,193,196.0,214,204,208,199,220,207,213,188,201,182,228,196,227,201,187,121,255,2019,0.6
218,206,214,187,185,233,215,229,202,171,210,Mercer,SC,203,172,225,205,184,215,192,165,198,185,178,212,260,179,265,159,182,263,171,158,263,257,190,169,167,174,277.0,198,268,224,281,166,225,273,188,226,281,164,274,262,222,214,256,235,2019,0.3333333333333333
210,226,220,217,205,206,228,207,199,217,211,WI Green Bay,HL,225,207,203,237,230,195,212,220,217,207,210,229,203,211,202,204,235,194,207,191,204,201,233,168,245,189,206.0,234,208,234,191,194,215,199,225,230,203,204,222,214,192,228,205,271,2019,0.48
213,209,211,223,216,216,213,217,205,213,212,High Point,BSo,222,216,227,226,205,209,227,213,230,225,217,211,221,231,219,211,201,200,220,212,209,210,214,214,207,206,214.0,233,213,203,196,207,221,210,171,195,222,233,213,240,232,232,188,237,2019,0.5416666666666666
207,202,222,211,212,214,241,213,200,204,213,Cal Baptist,WAC,182,212,224,215,192,307,266,198,215,212,219,205,219,267,226,223,173,215,221,213,212,208,170,209,214,234,209.0,212,209,185,231,235,211,216,188,198,181,227,217,258,194,214,178,225,2019,0.5652173913043478
216,193,206,205,219,220,212,205,230,212,214,La Salle,A10,199,217,204,192,200,239,196,206,201,202,209,253,225,194,225,214,167,246,184,222,249,251,201,223,218,207,248.0,172,240,169,244,215,259,260,171,180,272,207,261,246,225,204,272,219,2019,0.3181818181818182
209,225,212,213,223,212,226,209,219,224,215,Troy,SBC,232,209,214,224,242,217,211,218,202,214,221,245,205,207,207,208,213,206,209,189,210,209,232,225,221,205,207.0,208,210,233,221,223,205,218,225,257,202,230,208,232,197,209,227,249,2019,0.4782608695652174
225,212,221,218,217,221,219,215,216,215,216,Oakland,HL,231,210,217,216,214,228,201,209,207,215,213,226,238,200,238,222,199,216,211,202,227,238,194,194,220,201,241.0,221,246,211,209,182,257,237,196,214,225,220,246,234,246,201,253,210,2019,0.4230769230769231
222,219,198,209,227,234,229,195,210,206,217,TX Southern,SWAC,215,214,235,228,240,199,233,223,235,228,211,182,215,236,234,161,252,190,233,210,208,221,221,220,274,188,216.0,238,211,249,237,191,201,197,225,224,179,247,245,243,180,240,155,302,2019,0.5217391304347826
223,215,219,225,214,223,218,237,222,223,218,William & Mary,CAA,204,221,211,206,222,235,207,222,196,199,220,231,224,205,216,217,218,253,223,225,236,234,203,233,202,238,232.0,197,233,197,226,193,214,230,196,205,248,214,232,197,268,196,274,206,2019,0.36
215,205,213,246,220,225,233,216,224,221,219,Rice,CUSA,184,213,197,233,211,251,238,224,241,260,249,224,202,238,203,216,210,244,204,221,225,213,199,219,200,269,221.0,237,221,213,206,209,195,224,261,215,215,250,227,193,223,236,246,196,2019,0.4
227,216,223,222,222,219,203,223,204,227,220,Quinnipiac,MAAC,238,241,236,214,212,212,216,227,227,223,225,207,236,219,232,237,226,226,244,233,218,239,236,245,231,222,210.0,220,217,207,225,249,258,225,206,187,226,200,199,239,243,266,195,193,2019,0.5454545454545454
221,220,216,226,237,213,222,214,223,235,221,Drexel,CAA,217,234,206,235,221,210,226,245,234,245,235,215,207,225,205,231,257,218,231,240,215,215,228,228,250,233,208.0,244,212,212,211,212,210,212,261,232,209,179,215,195,242,228,233,252,2019,0.46153846153846156
212,229,196,239,232,208,240,201,213,232,222,Florida Intl,CUSA,220,233,200,245,229,222,243,247,228,241,246,216,188,243,187,230,247,191,229,229,192,184,245,237,236,252,189.0,241,191,238,201,269,192,184,281,271,196,279,207,229,198,203,176,314,2019,0.56
240,221,230,208,196,252,247,240,226,198,223,Appalachian St,SBC,212,175,239,200,206,232,208,197,199,188,197,235,271,204,276,196,187,269,189,188,271,274,189,145,201,187,289.0,196,283,221,269,201,242,272,171,193,285,226,285,274,251,259,287,247,2019,0.3333333333333333
220,239,210,227,226,196,225,203,257,228,224,Citadel,SC,243,229,205,274,245,191,258,252,267,262,238,218,197,260,197,233,261,189,234,195,199,192,269,211,234,218,204.0,297,202,255,224,285,193,192,246,291,195,149,209,224,173,240,198,250,2019,0.4782608695652174
226,218,234,224,221,228,210,231,231,229,225,South Alabama,SBC,256,227,219,211,207,248,213,228,222,206,223,222,230,212,239,224,229,231,214,198,240,232,241,234,222,227,234.0,227,234,226,233,243,263,256,246,237,233,232,224,261,235,244,224,220,2019,0.5
217,241,224,228,238,202,236,211,234,257,226,Delaware,CAA,230,260,202,254,269,214,245,277,243,236,248,213,189,248,185,202,262,211,252,263,202,190,277,261,273,259,185.0,258,183,272,200,224,209,177,261,290,199,258,178,179,224,212,167,214,2019,0.5769230769230769
231,231,227,238,252,226,207,210,221,248,227,Siena,MAAC,263,252,234,240,232,219,241,261,240,237,243,220,222,242,220,239,230,212,257,237,211,231,253,253,252,246,205.0,251,226,201,222,205,240,204,225,199,231,238,194,196,258,266,209,197,2019,0.52
235,217,255,221,209,256,224,250,244,192,228,Ark Little Rock,SBC,209,191,237,207,201,253,190,192,209,209,208,241,267,190,271,207,198,277,182,181,273,272,187,188,185,215,275.0,219,277,241,249,186,281,274,206,208,277,213,311,270,289,293,280,239,2019,0.375
242,230,225,219,229,240,220,228,233,226,229,F Dickinson,NEC,211,235,248,229,220,225,239,231,252,243,226,204,248,246,243,218,227,247,255,235,239,240,229,239,228,196,233.0,248,243,214,223,229,249,226,206,200,237,165,231,249,280,271,219,236,2019,0.5
230,236,226,242,225,229,254,234,254,234,230,Long Beach St,BWC,228,223,215,217,250,242,223,229,226,218,229,258,232,221,224,249,223,235,218,219,241,241,227,217,235,231,242.0,209,247,261,236,237,199,245,225,245,241,264,251,211,216,204,260,246,2019,0.36
232,237,236,250,259,235,216,218,220,255,231,Canisius,MAAC,260,255,244,230,261,230,224,260,229,227,241,252,223,228,222,273,240,214,260,259,216,235,237,278,244,240,217.0,218,218,216,232,230,252,215,225,231,227,253,201,192,248,199,230,185,2019,0.4583333333333333
237,232,228,212,208,253,234,243,250,199,232,North Florida,ASUN,234,222,243,225,208,245,232,216,211,231,228,217,246,227,256,203,205,230,219,205,238,246,202,222,238,247,259.0,232,254,280,263,190,241,246,281,242,250,285,259,245,220,249,231,223,2019,0.38461538461538464
219,222,233,236,242,222,221,253,253,258,233,Air Force,MWC,253,253,238,238,233,250,230,235,225,244,262,263,214,233,215,228,244,222,235,254,231,220,252,283,240,295,225.0,215,219,223,240,232,230,279,246,274,223,241,229,215,205,214,238,186,2019,0.43478260869565216
238,223,232,248,230,255,251,242,232,222,234,FL Gulf Coast,ASUN,233,232,252,220,218,260,219,221,245,235,236,249,242,229,251,248,220,245,225,232,244,243,220,259,217,251,254.0,222,251,227,256,217,234,257,206,221,244,283,252,236,227,220,244,243,2019,0.38461538461538464
236,238,253,233,234,224,253,259,249,237,235,E Kentucky,OVC,248,230,245,261,263,211,237,242,244,246,237,260,237,235,241,235,231,242,228,223,235,228,239,216,233,223,240.0,265,229,264,251,228,228,228,206,261,213,219,236,219,234,248,236,213,2019,0.44
241,246,240,232,224,242,235,239,229,231,236,Boston Univ,PL,221,228,247,234,227,234,220,232,233,230,230,227,254,214,245,226,228,239,236,287,243,256,222,229,227,228,244.0,243,249,268,227,206,254,232,225,263,221,206,243,235,275,254,276,251,2019,0.44
250,228,249,214,218,258,232,257,238,207,237,Charleston So,BSo,245,226,273,218,213,220,228,207,231,224,216,219,278,224,288,234,209,250,245,217,269,266,210,215,226,204,281.0,229,274,222,292,265,262,286,196,211,252,260,275,316,218,280,225,232,2019,0.4782608695652174
243,234,235,254,245,243,237,227,236,241,238,Montana St,BSC,249,251,231,227,216,247,244,250,237,265,253,223,239,255,235,294,269,229,258,278,230,230,272,247,239,257,231.0,239,237,205,239,289,235,231,206,210,234,197,237,237,240,242,228,240,2019,0.4782608695652174
228,235,258,231,239,231,217,263,245,233,239,Fordham,A10,226,225,233,236,228,264,240,226,236,234,231,256,257,237,246,238,216,256,210,227,262,253,217,241,211,213,252.0,224,255,298,250,238,283,277,261,264,249,212,256,271,260,259,293,167,2019,0.43478260869565216
247,240,242,244,233,246,223,255,240,240,240,Army,PL,235,247,255,241,241,237,253,244,239,238,234,228,255,250,248,225,232,248,250,245,246,263,234,251,224,219,247.0,245,248,257,241,210,255,240,246,243,243,249,234,218,286,286,259,169,2019,0.44
258,259,246,243,228,239,266,244,255,236,241,Lamar,SLC,224,199,260,242,257,208,242,239,238,217,222,230,262,247,260,252,237,254,227,230,251,252,240,202,247,198,255.0,267,257,231,268,268,247,235,188,209,245,254,273,277,266,254,218,278,2019,0.5
229,224,244,240,258,236,238,245,243,265,242,G Washington,A10,251,244,229,239,238,258,231,238,247,240,251,281,226,232,231,243,238,260,222,242,256,250,294,268,216,258,245.0,217,239,235,245,231,232,268,261,258,273,256,240,208,239,209,291,216,2019,0.30434782608695654
260,260,231,257,231,264,260,225,258,238,243,UC Davis,BWC,241,231,249,208,219,256,215,217,219,208,233,248,264,216,263,253,251,243,247,244,254,265,230,235,262,253,271.0,211,273,204,272,278,223,261,206,176,279,277,286,287,215,195,261,310,2019,0.36363636363636365
248,257,245,245,254,238,230,236,237,274,244,St Francis PA,NEC,272,280,258,259,267,216,259,285,268,256,250,238,227,264,236,271,270,232,291,279,226,218,273,270,269,221,220.0,256,215,247,219,281,227,211,225,254,229,237,203,233,231,232,192,211,2019,0.5217391304347826
224,233,237,237,249,218,231,251,270,261,245,East Carolina,AAC,270,250,213,265,271,257,249,265,255,282,279,265,213,249,214,258,233,236,232,273,237,219,287,265,266,285,219.0,259,216,286,243,264,217,247,281,284,220,240,238,205,202,214,223,228,2019,0.391304347826087
234,242,238,229,244,241,242,246,247,230,246,Detroit,HL,218,239,212,266,237,252,260,236,272,277,257,237,234,259,229,242,236,228,230,268,233,237,244,224,260,270,243.0,278,244,305,208,219,239,236,281,304,256,275,248,223,236,263,273,257,2019,0.36
239,247,250,273,255,248,274,256,256,272,247,MTSU,CUSA,265,265,226,246,283,273,235,259,263,239,273,301,216,239,217,290,276,251,256,253,245,233,281,264,232,299,246.0,231,242,200,248,267,213,248,225,218,260,259,250,209,212,149,250,224,2019,0.32
244,249,248,234,263,232,227,254,239,254,248,MA Lowell,AEC,257,263,253,267,244,227,281,253,250,264,254,240,245,277,240,244,282,234,274,234,228,236,267,260,225,243,230.0,268,232,260,212,246,244,223,261,272,235,252,219,228,277,280,212,275,2019,0.52
251,271,239,266,268,227,248,230,251,273,249,Southern Utah,BSC,252,273,228,273,247,236,269,288,269,268,270,232,229,273,221,286,295,213,275,262,223,223,265,258,264,264,218.0,263,225,230,235,309,233,214,246,236,208,215,220,257,233,236,191,244,2019,0.5454545454545454
246,253,247,253,251,244,263,233,242,253,250,Arkansas St,SBC,240,242,230,262,274,246,247,246,242,267,264,269,233,245,227,256,243,225,246,261,224,226,226,232,263,276,236.0,266,245,266,238,260,224,227,281,260,242,305,241,238,253,249,252,273,2019,0.4166666666666667
261,254,229,251,261,260,262,224,225,242,251,Prairie View,SWAC,229,256,266,283,262,223,278,270,279,274,258,221,240,286,249,236,241,227,276,255,222,247,256,256,290,254,237.0,290,236,246,261,242,220,206,261,239,228,284,226,247,226,263,221,290,2019,0.4782608695652174
255,244,257,235,243,245,249,248,227,250,252,Robert Morris,NEC,258,254,263,256,270,224,279,263,278,251,242,236,250,284,250,255,246,252,261,277,248,244,248,252,272,224,238.0,270,238,274,220,248,256,234,246,277,251,255,233,242,271,254,206,254,2019,0.52
259,243,261,230,241,254,245,270,217,239,253,Sacred Heart,NEC,237,237,275,253,246,238,270,233,258,253,244,242,275,262,270,229,256,280,242,246,264,275,235,238,223,241,258.0,254,265,252,242,199,282,254,206,255,266,210,263,254,316,309,268,269,2019,0.44
253,262,241,247,269,237,239,238,215,262,254,St Francis NY,NEC,247,276,254,277,236,226,287,271,284,278,260,210,241,288,237,251,259,219,296,288,221,225,268,301,248,245,224.0,292,223,281,217,263,250,207,281,285,246,235,205,226,262,276,232,222,2019,0.56
233,263,276,261,246,250,272,284,280,269,255,California,P12,264,238,222,244,275,289,217,251,224,233,263,306,247,213,244,263,250,270,216,248,270,261,238,231,256,298,265.0,202,261,275,252,247,216,295,261,280,292,248,277,230,195,224,294,241,2019,0.21739130434782608
271,250,269,241,236,273,243,272,241,218,256,Hampton,BSo,239,220,285,232,226,243,234,219,246,226,224,244,300,230,301,221,224,273,239,238,289,291,200,226,230,211,294.0,247,300,239,295,225,294,293,196,223,286,267,292,324,282,301,290,280,2019,0.43478260869565216
249,245,262,269,277,261,246,261,252,246,257,CS Northridge,BWC,269,245,250,268,243,275,263,243,259,291,283,267,258,263,255,264,242,257,238,239,259,260,242,257,246,297,256.0,275,259,210,258,239,267,270,225,216,259,246,257,256,255,297,271,191,2019,0.4166666666666667
252,276,259,290,253,251,264,235,246,288,258,SF Austin,SLC,301,266,240,251,297,268,248,290,251,248,280,271,231,252,233,259,304,223,259,267,232,199,288,292,261,293,229.0,271,228,265,230,315,218,220,261,292,183,317,225,281,196,170,159,315,2019,0.5454545454545454
254,264,251,255,281,230,256,232,265,291,259,E Illinois,OVC,299,300,242,298,273,241,273,296,290,292,289,272,217,270,218,246,279,210,288,265,213,206,282,288,304,279,215.0,296,207,245,234,273,237,208,246,265,217,287,212,204,230,235,204,308,2019,0.52
256,261,252,249,272,247,257,258,228,266,260,Norfolk St,MEAC,262,282,280,278,278,213,293,272,297,261,256,243,244,296,258,272,299,238,286,269,242,242,300,281,275,248,239.0,285,231,278,246,284,226,229,246,259,238,187,221,255,228,297,179,298,2019,0.5416666666666666
263,256,263,260,262,268,261,264,248,244,261,Missouri KC,WAC,236,249,256,249,249,276,286,237,262,269,259,255,266,289,266,277,265,274,269,272,159,269,261,227,259,268,273.0,253,266,242,264,253,248,266,225,229,288,296,267,252,257,273,277,229,2019,0.3333333333333333
267,279,260,263,240,278,259,278,263,251,262,South Dakota,SL,227,257,267,231,256,283,236,234,216,232,245,261,282,234,279,257,245,282,243,231,281,279,251,254,270,250,284.0,204,270,269,282,272,293,289,246,299,287,288,283,286,274,204,286,194,2019,0.375
245,251,267,282,248,265,258,293,288,263,263,UTEP,CUSA,242,240,241,248,266,296,250,248,257,254,269,284,252,244,252,262,253,295,224,241,285,255,263,243,243,287,262.0,246,263,258,253,286,253,288,261,273,284,269,269,268,250,236,281,226,2019,0.34782608695652173
266,255,256,264,256,282,271,247,272,256,264,SE Louisiana,SLC,278,262,271,255,235,267,246,264,285,279,307,246,263,251,275,278,263,268,283,250,257,249,270,279,285,292,264.0,277,258,178,260,280,277,255,206,204,257,266,272,267,259,214,240,299,2019,0.4583333333333333
276,267,274,265,250,283,252,285,274,245,265,Iona,MAAC,246,259,278,222,254,281,229,249,223,220,232,251,290,226,286,261,255,293,249,236,291,303,243,249,251,217,287.0,213,302,270,288,244,314,296,196,266,307,261,282,288,317,246,304,245,2019,0.34782608695652173
257,248,266,252,280,257,289,249,264,267,266,Chattanooga,SC,280,270,261,296,276,249,272,254,288,287,272,279,249,268,264,260,234,249,270,282,255,245,289,246,286,260,260.0,294,250,271,286,258,269,262,246,275,240,289,254,241,244,273,237,215,2019,0.4230769230769231
281,272,280,270,265,286,244,275,259,247,267,Marist,MAAC,271,264,286,247,239,270,252,255,256,249,240,247,296,253,289,254,221,286,264,243,282,301,254,262,253,230,283.0,242,286,259,285,236,311,285,246,248,291,199,266,280,315,315,301,166,2019,0.4166666666666667
283,258,243,286,287,271,270,241,268,290,268,Monmouth NJ,MAAC,277,299,269,252,251,263,256,291,265,258,276,275,251,266,253,280,264,255,302,305,252,276,293,300,305,277,253.0,252,256,195,262,252,265,243,246,203,258,265,244,231,290,262,278,264,2019,0.38461538461538464
262,273,254,256,274,249,265,252,262,278,269,New Orleans,SLC,282,295,246,280,268,255,271,293,277,288,291,234,243,274,242,296,297,241,290,285,247,211,302,298,284,290,235.0,300,235,251,254,326,236,238,281,288,214,286,255,291,219,249,170,300,2019,0.5652173913043478
264,269,268,262,275,262,277,271,266,264,270,Morehead St,OVC,273,271,262,276,289,261,267,268,261,259,261,282,259,265,262,266,267,266,262,274,260,259,260,282,258,262,267.0,274,264,277,275,254,246,259,281,276,269,263,260,248,241,285,263,256,2019,0.36
265,265,265,272,266,272,268,265,277,271,271,Towson,CAA,255,269,268,258,265,272,254,262,260,247,255,277,268,257,268,268,287,283,266,283,276,285,259,271,265,263,270.0,249,272,225,267,250,295,271,246,227,282,229,268,266,304,244,303,324,2019,0.36
273,252,273,258,247,279,269,266,271,243,272,Jacksonville,ASUN,284,246,289,263,255,259,276,240,282,272,252,262,281,276,290,241,266,261,248,247,272,280,258,240,271,244,290.0,283,281,290,297,233,292,276,206,238,261,291,279,282,284,297,258,323,2019,0.4230769230769231
279,284,272,267,283,259,255,262,276,294,273,Wagner,NEC,276,291,277,279,258,254,280,292,275,276,274,257,265,282,257,274,280,258,312,303,253,254,292,286,267,255,250.0,281,253,243,229,293,274,239,261,270,253,234,228,265,291,230,239,272,2019,0.4782608695652174
286,294,285,275,264,277,275,288,261,252,274,CS Sacramento,BSC,261,248,276,257,259,266,288,266,248,250,247,259,295,287,281,302,258,279,265,258,280,281,231,242,242,239,282.0,250,287,262,290,323,278,258,225,233,270,244,280,331,264,306,257,263,2019,0.45
284,278,278,293,282,276,276,274,278,289,275,E Washington,BSC,293,287,265,250,281,277,268,283,254,257,278,280,269,271,261,313,289,276,292,290,268,268,298,273,280,281,263.0,236,267,229,273,304,260,264,225,202,289,262,258,244,256,224,270,262,2019,0.34782608695652173
274,282,264,280,267,269,285,268,269,279,276,James Madison,CAA,244,268,259,260,287,284,265,276,249,255,271,266,270,269,259,250,284,271,282,264,266,271,266,276,292,283,261.0,255,271,254,259,251,276,249,281,253,254,273,270,273,296,280,297,309,2019,0.4
268,268,286,259,285,284,284,277,267,260,277,Grambling,SWAC,286,272,303,281,252,244,283,267,298,275,265,264,277,283,293,291,283,265,278,276,267,278,285,263,294,256,274.0,282,260,263,291,288,284,263,261,240,247,239,262,303,245,276,203,322,2019,0.5217391304347826
285,270,279,276,286,287,286,260,290,259,278,Youngstown St,HL,267,261,272,287,253,285,275,257,287,297,285,292,279,281,280,292,254,262,253,260,279,286,246,255,282,286,291.0,291,292,237,257,240,302,275,225,212,275,223,299,297,305,304,305,289,2019,0.38461538461538464
282,266,292,284,292,281,282,267,298,280,279,Oral Roberts,SL,297,285,264,269,260,292,261,281,276,283,293,289,273,261,272,309,248,259,263,270,274,273,262,284,279,301,279.0,273,290,220,284,277,271,281,225,249,265,268,284,263,285,263,284,284,2019,0.37037037037037035
287,289,284,271,278,280,250,280,260,275,280,LIU Brooklyn,NEC,266,281,291,270,264,274,284,275,273,273,267,254,288,280,284,270,281,287,297,292,277,287,276,296,249,242,266.0,280,276,300,265,270,308,269,281,287,268,236,253,275,321,286,283,242,2019,0.4583333333333333
270,281,271,281,260,285,280,276,283,268,281,TAM C. Christi,SLC,259,258,279,282,296,280,277,258,280,284,284,270,280,272,283,269,273,291,273,249,287,264,250,272,237,296,285.0,287,282,293,289,297,266,282,261,300,264,314,287,301,247,295,254,294,2019,0.43478260869565216
275,287,283,278,271,270,278,294,291,284,282,UNC Wilmington,CAA,268,278,257,275,282,282,264,286,264,252,266,285,274,258,267,281,277,299,272,251,290,282,264,269,257,261,280.0,264,278,296,274,245,279,280,299,311,295,272,271,250,313,273,308,281,2019,0.3076923076923077
277,286,299,279,257,295,288,298,284,270,283,W Michigan,MAC,294,267,283,271,279,287,262,256,253,266,268,286,293,256,302,232,249,296,254,256,300,295,249,248,254,266,308.0,261,289,306,276,255,287,307,299,305,309,309,298,278,261,232,309,261,2019,0.2608695652173913
298,274,287,268,273,296,291,297,281,249,284,Columbia,Ivy,250,243,299,243,280,294,255,241,232,242,239,276,318,241,308,227,260,321,240,252,315,317,257,250,268,229,317.0,235,326,284,302,291,309,313,225,247,316,276,329,340,283,314,328,292,2019,0.3
272,291,296,277,270,266,303,283,273,301,285,NC A&T,MEAC,290,309,304,321,285,233,310,299,318,316,136,274,256,305,274,305,308,240,319,293,250,248,310,291,321,294,249.0,317,241,299,283,295,245,241,281,295,239,300,242,279,213,280,190,287,2019,0.5217391304347826
295,275,290,289,276,300,267,296,286,281,286,Albany NY,AEC,274,275,296,264,248,300,257,269,274,270,275,268,310,254,305,285,268,313,279,281,307,314,290,287,241,274,301.0,260,307,240,294,274,313,309,206,244,310,231,293,296,319,254,316,230,2019,0.3333333333333333
294,303,282,304,291,263,298,282,293,302,287,Portland St,BSC,275,286,270,288,303,265,290,302,270,263,277,297,285,291,278,319,311,288,287,271,294,267,291,236,289,249,276.0,276,288,285,266,333,251,265,225,256,274,242,276,299,263,226,264,318,2019,0.4090909090909091
280,285,281,302,297,267,281,273,275,304,288,Navy,PL,287,306,274,300,299,278,305,300,303,307,306,288,253,310,247,307,293,272,313,313,258,270,271,314,277,300,251.0,295,252,292,255,296,238,244,299,278,283,306,239,220,265,247,292,234,2019,0.34782608695652173
288,296,275,274,295,275,273,269,292,293,289,Central Conn,NEC,281,301,288,301,290,262,299,306,305,306,304,250,272,302,269,265,310,275,316,300,265,262,317,325,288,303,257.0,309,262,295,247,279,268,250,299,281,255,293,249,251,301,290,247,296,2019,0.44
290,280,288,287,296,291,283,289,285,277,290,Loyola MD,PL,285,293,290,290,272,279,297,279,294,294,287,278,286,295,285,287,288,290,277,280,284,294,247,290,281,273,288.0,286,285,273,280,271,280,278,261,246,297,281,278,260,308,312,312,313,2019,0.32
278,288,301,295,279,297,290,312,302,296,291,Tulane,AAC,292,274,282,272,288,311,251,278,266,271,286,308,289,240,299,279,278,310,251,289,310,304,274,277,255,284,302.0,240,294,267,303,282,288,315,307,293,325,282,302,269,272,226,323,265,2019,0.18181818181818182
269,277,270,298,290,274,293,287,309,299,292,Charlotte,CUSA,254,284,251,289,286,310,289,289,291,298,308,295,261,293,254,267,300,292,268,311,288,277,283,289,301,316,272.0,288,275,279,277,266,273,287,299,267,306,290,289,259,292,279,321,307,2019,0.25
291,290,294,297,293,293,299,286,279,295,293,WI Milwaukee,HL,303,294,284,293,295,298,282,274,293,286,288,298,291,275,287,275,271,285,280,257,292,289,275,285,306,282,292.0,284,291,250,270,257,321,290,281,269,296,298,295,293,320,259,310,311,2019,0.36
293,300,293,291,284,288,297,281,282,287,294,Cent Arkansas,SLC,288,283,281,297,302,288,300,297,295,302,300,291,276,298,277,303,298,278,293,299,275,258,280,302,317,305,278.0,298,279,294,279,305,270,267,307,312,267,319,300,289,270,249,249,326,2019,0.4166666666666667
292,299,291,306,299,289,279,291,294,307,295,Niagara,MAAC,306,303,294,294,310,301,294,305,292,290,296,294,287,292,282,283,307,281,295,309,286,292,307,293,293,280,268.0,279,268,289,271,262,333,284,281,297,263,270,264,276,325,249,296,274,2019,0.44
289,292,289,285,298,292,287,292,289,282,296,Longwood,BSo,283,277,298,302,293,291,312,273,302,311,302,273,297,312,292,247,294,264,285,315,283,283,286,312,295,306,286.0,308,284,321,278,261,289,291,307,310,262,307,281,300,294,315,242,260,2019,0.5
296,283,277,296,288,301,308,279,296,285,297,W Carolina,SC,291,292,287,304,291,295,302,280,309,310,303,287,284,304,296,288,286,289,294,286,293,293,305,266,297,304,306.0,314,296,309,304,275,264,292,281,283,315,301,296,264,267,276,313,283,2019,0.23076923076923078
297,304,298,292,294,294,300,299,299,283,298,Houston Bap,SLC,296,289,297,295,305,293,304,284,289,296,294,290,303,300,300,289,274,300,289,297,298,290,278,294,278,289,299.0,302,303,310,305,308,291,305,261,314,298,310,306,314,279,331,300,238,2019,0.3333333333333333
299,314,297,314,303,290,296,290,287,313,299,Idaho St,BSC,298,304,293,306,306,286,309,314,299,295,305,305,283,306,273,324,306,267,310,317,278,284,295,316,303,302,269.0,299,280,297,296,330,275,251,307,303,280,297,265,283,276,266,267,301,2019,0.4090909090909091
301,295,300,294,302,298,295,304,307,300,300,Bethune-Cookman,MEAC,307,305,315,303,292,271,306,304,316,301,297,283,302,311,313,306,301,294,298,302,296,299,303,295,307,267,296.0,312,293,282,308,301,319,304,261,286,271,222,290,311,299,309,255,293,2019,0.4583333333333333
303,298,303,283,306,302,304,300,300,286,301,Tennessee St,OVC,309,307,305,308,298,290,296,307,304,293,290,315,292,299,303,276,291,301,299,294,299,296,301,305,314,278,303.0,303,297,304,312,283,298,306,281,289,301,302,305,295,278,271,275,277,2019,0.3333333333333333
306,302,313,300,307,304,301,305,304,292,302,North Dakota,SL,302,290,308,284,294,299,285,287,271,280,282,302,324,279,319,314,272,312,284,266,318,311,255,274,287,265,326.0,269,325,308,309,318,307,320,261,298,311,312,323,322,303,301,299,266,2019,0.36
304,293,295,303,304,299,294,295,308,298,303,Lafayette,PL,279,297,300,299,284,303,301,298,301,303,298,293,299,303,291,299,290,303,300,298,297,312,279,307,283,288,295.0,301,322,301,293,294,299,294,299,294,318,294,297,298,331,315,324,267,2019,0.30434782608695654
305,297,306,299,321,306,306,309,311,297,304,TN Martin,OVC,313,313,307,307,301,305,298,301,300,304,299,307,309,297,310,301,292,304,304,296,308,300,306,299,302,291,312.0,304,310,253,321,302,300,310,261,268,304,176,313,320,288,306,307,295,2019,0.34782608695652173
310,301,309,288,289,314,305,318,305,276,305,W Illinois,SL,300,279,312,286,277,308,292,282,283,285,281,296,328,290,326,295,275,324,271,275,325,325,284,280,308,275,330.0,272,331,307,316,292,332,328,261,279,326,271,336,337,333,312,326,306,2019,0.3333333333333333
300,308,307,324,313,305,312,308,330,312,306,Wyoming,MWC,310,308,292,292,317,327,274,310,296,312,320,328,298,278,297,316,315,306,281,291,314,308,299,313,315,327,304.0,257,311,287,298,316,306,316,314,301,320,322,322,304,293,199,331,304,2019,0.2608695652173913
316,312,304,311,301,322,292,317,303,305,307,Fairfield,MAAC,305,298,317,285,315,318,291,294,286,281,292,304,329,285,323,284,285,327,301,284,327,334,296,297,291,272,324.0,262,329,311,326,256,338,330,299,306,332,304,327,321,348,304,339,258,2019,0.28
302,309,316,308,312,310,309,323,320,303,308,Cleveland St,HL,304,288,295,309,308,320,303,295,307,308,310,327,314,301,309,298,303,323,267,308,323,316,309,275,276,308,320.0,310,323,315,287,276,305,321,307,317,322,299,325,307,314,297,330,282,2019,0.2692307692307692
311,310,314,310,305,316,302,313,310,306,309,Denver,SL,311,311,306,291,300,313,295,309,281,299,309,310,317,294,311,304,312,315,303,304,316,320,322,303,298,315,316.0,289,318,291,317,300,320,318,307,302,328,308,307,290,328,290,319,297,2019,0.28
313,311,302,316,322,307,314,301,323,323,310,Elon,CAA,295,324,302,313,312,316,308,328,310,314,323,316,294,314,294,322,314,316,320,322,309,305,318,318,328,322,300.0,315,299,303,300,310,296,299,314,308,302,313,291,272,318,280,314,268,2019,0.3076923076923077
314,329,312,315,315,309,329,302,314,320,311,Nicholls St,SLC,315,320,318,318,327,302,318,323,315,309,314,312,305,319,304,308,322,284,322,318,295,288,324,328,326,314,297.0,319,295,288,307,324,301,283,314,309,276,339,310,330,273,254,234,338,2019,0.45454545454545453
318,318,330,301,300,311,320,330,313,315,312,NC Central,MEAC,324,296,332,317,316,269,313,312,313,289,295,318,325,308,329,311,302,320,307,307,317,318,316,267,322,271,319.0,320,312,322,330,299,322,322,281,315,294,274,314,333,297,326,262,303,2019,0.4583333333333333
307,317,305,318,309,303,313,303,306,314,313,Northern Arizona,BSC,289,310,301,310,311,312,321,316,308,313,316,300,307,322,295,323,316,309,315,325,305,310,304,306,319,321,298.0,307,308,328,306,314,312,300,322,321,324,292,303,292,329,321,322,288,2019,0.30434782608695654
309,305,311,309,314,312,307,315,295,308,314,Florida A&M,MEAC,308,314,320,323,309,304,324,317,330,327,321,299,304,325,314,300,313,307,317,323,302,297,319,324,316,320,307.0,324,304,320,313,287,310,303,322,307,290,311,301,310,307,334,269,317,2019,0.4
315,315,324,307,323,315,315,321,301,316,315,Alabama St,SWAC,319,323,323,325,322,297,329,321,322,323,318,303,308,331,318,331,327,305,323,312,303,307,330,309,312,312,305.0,325,298,332,299,338,286,302,314,333,293,331,294,317,237,332,251,279,2019,0.38095238095238093
312,306,308,313,311,318,322,307,297,309,316,North Alabama,ASUN,317,312,314,324,321,346,327,308,323,326,324,325,301,327,307,293,318,298,318,310,301,298,297,322,311,331,313.0,311,305,325,318,290,272,301,329,316,299,336,304,284,287,321,295,337,2019,0.3076923076923077
317,316,317,312,317,308,316,314,326,311,317,Howard,MEAC,312,316,324,316,318,306,325,319,320,319,313,319,319,326,317,330,309,297,306,319,312,315,308,319,323,309,309.0,322,316,323,322,321,328,312,322,318,278,278,317,336,306,336,279,285,2019,0.4583333333333333
319,307,322,305,308,317,319,319,317,310,318,VMI,SC,328,317,319,320,304,309,326,311,327,324,317,311,321,323,327,282,305,317,311,326,324,319,314,304,310,313,331.0,326,320,331,324,311,290,329,307,326,321,303,324,308,269,325,298,321,2019,0.2916666666666667
320,320,327,320,316,321,318,325,321,317,319,SE Missouri St,OVC,318,322,313,319,324,321,311,318,321,317,301,320,320,309,322,312,325,325,308,301,321,322,312,308,299,317,322.0,316,324,314,310,303,325,319,322,332,317,315,321,312,330,292,320,327,2019,0.32
323,321,321,328,327,324,311,324,318,329,320,Manhattan,MAAC,323,325,321,311,314,328,307,322,317,318,322,324,326,307,320,315,330,326,328,295,322,329,311,323,320,319,318.0,305,327,283,328,306,337,326,281,296,330,295,315,315,340,306,335,320,2019,0.2916666666666667
308,323,326,329,320,320,317,327,324,328,321,Portland,WCC,327,319,310,322,320,331,320,325,311,321,327,331,315,318,312,335,328,319,305,321,320,306,326,317,296,332,321.0,313,317,333,311,319,285,324,333,338,319,321,312,285,300,301,334,305,2019,0.2692307692307692
321,319,325,321,310,319,327,322,316,325,322,UC Riverside,BWC,314,302,309,312,313,322,315,303,312,300,311,329,327,315,321,320,321,318,309,314,326,324,327,310,318,307,323.0,306,330,318,329,312,329,314,314,336,312,332,335,332,332,311,325,334,2019,0.32
330,313,320,317,325,330,325,326,315,319,323,Maine,AEC,322,318,322,315,307,317,317,315,319,320,315,323,333,317,333,321,317,332,325,329,332,332,321,315,309,311,334.0,318,333,312,327,298,318,323,281,282,336,280,331,313,337,341,340,286,2019,0.2
322,322,315,331,328,323,324,310,328,327,324,SIUE,OVC,325,327,311,326,325,326,322,331,324,330,333,326,311,324,306,333,323,311,324,324,313,302,329,327,327,336,310.0,327,314,302,314,336,304,308,322,325,305,329,308,305,310,295,317,316,2019,0.3333333333333333
328,328,319,323,324,327,310,328,322,322,325,St Peter's,MAAC,321,326,325,305,326,329,314,320,306,305,312,322,332,313,325,297,320,331,326,320,331,338,320,321,313,310,328.0,293,328,313,331,307,342,331,314,320,337,316,328,329,338,323,332,270,2019,0.2608695652173913
325,324,310,330,333,313,321,306,325,334,326,Bryant,NEC,320,337,316,328,319,323,334,334,331,335,331,321,306,335,298,310,331,308,334,342,304,313,333,337,339,325,293.0,333,301,326,301,332,316,298,333,319,313,324,288,294,324,335,311,328,2019,0.34782608695652173
327,326,318,322,329,329,330,311,312,321,327,Jackson St,SWAC,326,330,330,330,323,314,330,327,332,328,325,309,316,330,324,326,324,314,335,316,311,321,315,330,332,323,315.0,339,315,319,319,322,297,311,333,324,303,340,316,326,281,327,289,330,2019,0.391304347826087
326,325,331,326,318,333,323,334,319,318,328,McNeese St,SLC,316,315,331,314,329,332,316,313,314,315,319,314,335,316,334,317,296,336,314,306,333,330,313,311,300,318,333.0,323,335,324,335,331,336,340,314,329,333,318,333,341,312,332,318,276,2019,0.2727272727272727
332,327,329,319,326,328,328,331,329,326,329,Tennessee Tech,OVC,333,333,329,329,328,315,319,333,326,325,326,330,323,320,328,325,329,328,332,327,329,327,332,326,334,328,329.0,330,319,317,334,325,324,327,299,322,327,327,319,302,322,266,315,331,2019,0.28
331,332,323,327,331,326,331,316,331,332,330,Ark Pine Bluff,SWAC,330,335,327,335,330,319,335,336,334,334,332,313,312,337,316,327,342,302,336,334,306,323,338,333,342,330,311.0,336,306,327,323,329,315,297,333,328,308,337,309,306,309,324,302,335,2019,0.34782608695652173
329,330,328,333,336,325,333,320,332,337,331,Northwestern LA,SLC,334,338,326,336,333,325,336,338,338,339,339,333,313,336,315,340,335,322,337,335,319,309,337,336,338,338,314.0,344,309,316,315,342,303,317,322,323,300,335,326,309,298,336,282,329,2019,0.375
333,333,332,325,319,331,332,329,334,330,332,Mt St Mary's,NEC,329,331,335,333,335,324,333,329,329,332,329,335,334,333,331,318,319,334,329,331,334,333,325,335,325,326,332.0,329,336,329,320,313,330,332,314,313,334,323,330,319,345,315,329,332,2019,0.24
324,331,336,336,330,334,326,337,327,324,333,Morgan St,MEAC,331,329,337,332,331,330,332,330,335,333,334,317,331,329,332,329,333,330,327,332,330,328,331,332,329,333,327.0,332,321,337,333,328,343,334,333,335,329,325,318,339,327,339,306,319,2019,0.34782608695652173
334,335,334,334,335,332,335,332,336,338,334,Binghamton,AEC,336,334,334,331,336,333,328,335,328,329,335,336,338,328,336,334,340,333,338,336,335,331,340,334,331,329,335.0,328,337,330,325,327,334,333,329,331,331,320,334,328,335,338,327,312,2019,0.28
337,338,337,338,332,339,337,335,333,333,335,Cal Poly,BWC,332,321,333,327,334,341,323,324,325,322,328,342,343,321,339,332,326,337,321,328,341,341,323,329,333,335,341.0,321,344,343,340,334,345,338,329,330,341,345,347,350,336,328,345,347,2019,0.22727272727272727
339,337,340,332,334,340,338,338,335,331,336,SC Upstate,BSo,338,328,342,334,332,336,337,326,333,331,330,338,346,334,346,328,332,339,330,337,343,343,328,320,324,324,346.0,331,347,342,345,317,341,344,322,327,343,343,346,346,343,346,347,345,2019,0.23076923076923078
341,341,335,341,345,335,339,333,343,342,337,Savannah St,MEAC,341,349,338,349,342,337,347,349,345,349,349,332,322,349,330,348,347,329,345,347,328,326,349,350,350,348,325.0,349,313,334,336,348,317,325,348,340,314,344,320,325,295,315,285,348,2019,0.34782608695652173
335,339,338,342,341,337,334,341,340,341,338,San Jose St,MWC,335,341,328,338,338,345,331,341,336,341,341,339,336,332,335,342,339,341,333,330,340,339,343,339,341,345,339.0,334,339,341,337,343,331,341,343,349,339,346,339,327,311,330,344,291,2019,0.13636363636363635
336,336,333,340,339,336,341,336,342,339,339,Kennesaw,ASUN,340,339,336,341,341,339,341,340,343,342,340,343,330,342,337,336,337,335,340,340,336,336,336,343,340,343,337.0,337,332,340,332,337,323,336,342,337,338,348,337,318,326,329,333,343,2019,0.16666666666666666
338,334,341,337,337,342,336,339,338,335,340,Stetson,ASUN,346,336,344,337,337,340,339,337,342,340,337,341,342,340,344,338,338,342,331,333,342,345,339,338,336,341,344.0,338,340,335,341,341,335,346,333,339,342,338,340,334,334,340,338,325,2019,0.2
344,345,342,339,342,338,347,343,348,346,341,Alcorn St,SWAC,342,344,343,348,345,334,346,348,349,347,344,337,339,348,340,347,348,338,346,348,338,335,345,342,345,339,336.0,348,338,338,342,351,327,335,333,341,323,326,338,345,302,342,288,349,2019,0.36363636363636365
342,342,345,335,338,346,342,345,339,336,342,S Carolina St,MEAC,339,332,350,342,344,335,340,332,337,336,336,334,347,339,347,337,341,346,339,338,347,347,335,331,337,334,347.0,340,346,346,347,320,344,351,333,344,346,330,345,344,349,350,341,342,2019,0.2
340,340,343,344,344,341,340,342,337,345,343,Coppin St,MEAC,344,345,345,346,346,338,348,345,348,346,347,346,337,346,338,343,344,340,347,344,337,342,341,346,347,346,338.0,346,334,345,339,335,340,339,346,342,340,328,332,323,342,347,337,339,2019,0.2
345,346,344,345,343,343,345,344,344,343,344,Incarnate Word,SLC,343,342,340,339,343,344,344,342,341,344,343,344,344,343,343,341,336,345,341,339,344,337,334,345,335,347,342.0,345,343,344,338,345,339,343,333,343,335,341,342,342,339,342,336,336,2019,0.2608695652173913
347,348,346,347,347,345,346,346,347,347,345,Idaho,BSC,337,346,341,340,349,347,338,346,339,337,342,347,345,338,342,349,345,347,343,343,346,344,348,344,330,342,343.0,335,345,347,346,349,347,345,343,347,348,333,343,347,344,294,350,333,2019,0.17391304347826086
343,343,339,346,346,344,343,340,345,344,346,Alabama A&M,SWAC,345,343,339,345,339,343,349,343,346,348,345,340,340,347,341,344,343,343,344,346,339,346,344,341,348,344,340.0,347,341,339,344,340,346,337,346,345,345,342,341,338,346,349,343,340,2019,0.20833333333333334
346,344,348,343,340,348,344,347,341,340,347,Southern Univ,SWAC,347,340,346,343,340,342,343,339,340,338,338,345,348,341,350,339,334,351,342,341,348,351,342,340,346,337,349.0,342,348,349,349,339,348,347,348,346,347,347,349,343,347,345,346,341,2019,0.13043478260869565
348,347,349,349,348,353,348,349,346,348,348,UNC Asheville,BSo,352,347,353,344,347,349,342,344,347,345,348,350,351,344,353,345,346,349,348,349,352,350,346,348,343,349,,341,351,336,353,344,350,353,329,334,352,349,350,351,341,315,352,344,2019,0.12
350,350,347,350,351,347,350,348,352,351,349,Chicago St,WAC,349,352,347,351,352,352,352,351,351,352,353,348,341,352,345,352,352,344,351,351,345,340,352,352,353,353,345.0,352,342,351,343,352,326,342,353,353,344,353,344,335,323,344,342,351,2019,0.125
349,349,351,348,349,349,349,351,349,350,350,New Hampshire,AEC,348,348,348,347,348,348,345,347,344,343,346,351,353,345,352,346,350,353,349,345,353,352,350,347,344,340,,343,353,348,348,347,353,352,343,348,353,334,353,353,352,348,353,346,2019,0.13043478260869565
351,351,352,351,350,352,351,350,350,349,351,MS Valley St,SWAC,351,350,349,350,350,350,350,350,350,350,350,349,350,350,351,350,349,352,350,350,350,353,347,349,351,350,351.0,350,350,350,351,346,351,349,350,350,351,352,352,349,350,352,348,353,2019,0.125
352,352,353,353,352,351,352,353,351,353,352,MD E Shore,MEAC,353,351,351,353,353,351,351,352,353,351,351,353,349,351,349,351,353,350,352,353,351,349,353,351,349,352,350.0,351,349,353,352,350,349,348,352,352,350,351,348,348,353,351,349,350,2019,0.15384615384615385
353,353,350,352,353,350,353,352,353,352,353,Delaware St,MEAC,350,353,352,352,351,353,353,353,352,353,352,352,352,353,348,353,351,348,353,352,349,348,351,353,352,351,348.0,353,352,352,350,353,352,350,350,351,349,350,351,352,351,353,351,352,2019,0.17391304347826086
